TurkerID,number of apps requested microphone,number of apps requested location,number of apps requested camera,number of apps requested contacts,number of apps requested phone,number of apps requested storage,number of apps requested calendar,number of apps requested sensor,number of apps requested sms,number of apps granted microphone,number of apps granted location,number of apps granted camera,number of apps granted contacts,number of apps granted phone,number of apps granted storage,number of apps granted calendar,number of apps granted sensor,number of apps granted sms,fraction of apps granted microphone,fraction of apps granted location,fraction of apps granted camera,fraction of apps granted contacts,fraction of apps granted phone,fraction of apps granted storage,fraction of apps granted calendar,fraction of apps granted sensor,fraction of apps granted sms
A4IH4CO046EV3,14,28,19,26,23,35,3,1,9,2,11,3,3,2,11,0,1,0,0.14285714285714285,0.39285714285714285,0.15789473684210525,0.11538461538461539,0.08695652173913043,0.3142857142857143,0.0,1.0,0.0
A2BZY06YRWGEDL,21,45,38,44,30,79,8,0,13,5,10,11,4,1,24,1,0,2,0.23809523809523808,0.2222222222222222,0.2894736842105263,0.09090909090909091,0.03333333333333333,0.3037974683544304,0.125,0,0.15384615384615385
A1Q0N5H1DXMK0V,19,28,19,29,19,58,1,0,7,5,12,8,5,5,28,0,0,3,0.2631578947368421,0.42857142857142855,0.42105263157894735,0.1724137931034483,0.2631578947368421,0.4827586206896552,0.0,0,0.42857142857142855
A3B9M6H2PTCQWX,11,20,20,20,16,36,2,0,7,2,7,2,2,0,7,0,0,0,0.18181818181818182,0.35,0.1,0.1,0.0,0.19444444444444445,0.0,0,0.0
A1YM0IWPC72J7V,7,6,11,15,9,14,3,0,7,0,0,0,1,1,0,0,0,0,0.0,0.0,0.0,0.06666666666666667,0.1111111111111111,0.0,0.0,0,0.0
A1HUWK2J3GF1OY,12,8,10,16,8,20,1,1,6,3,0,3,5,2,6,0,0,1,0.25,0.0,0.3,0.3125,0.25,0.3,0.0,0.0,0.16666666666666666
AXT49VCFZDGW8,5,10,7,11,10,16,0,0,0,1,5,1,1,0,5,0,0,0,0.2,0.5,0.14285714285714285,0.09090909090909091,0.0,0.3125,0,0,0
A1L3937MY09J3I,1,3,2,2,1,7,0,0,1,0,1,1,1,0,1,0,0,0,0.0,0.3333333333333333,0.5,0.5,0.0,0.14285714285714285,0,0,0.0
A94DL4GI8ZBUO,4,11,7,10,8,12,1,0,3,1,3,1,2,1,2,0,0,1,0.25,0.2727272727272727,0.14285714285714285,0.2,0.125,0.16666666666666666,0.0,0,0.3333333333333333
A23EWFNNOUS10B,3,4,3,9,5,14,3,0,3,0,3,0,3,3,6,1,0,3,0.0,0.75,0.0,0.3333333333333333,0.6,0.42857142857142855,0.3333333333333333,0,1.0
A1MURUJBBDJWM6,36,56,43,58,56,75,14,1,32,20,45,30,44,39,64,10,1,24,0.5555555555555556,0.8035714285714286,0.6976744186046512,0.7586206896551724,0.6964285714285714,0.8533333333333334,0.7142857142857143,1.0,0.75
A20MYUKGSXUKM7,22,48,40,47,36,60,8,0,17,9,18,10,12,8,21,4,0,5,0.4090909090909091,0.375,0.25,0.2553191489361702,0.2222222222222222,0.35,0.5,0,0.29411764705882354
AB7LYMORLR5H0,7,9,8,11,9,15,3,0,6,4,3,3,4,4,10,2,0,3,0.5714285714285714,0.3333333333333333,0.375,0.36363636363636365,0.4444444444444444,0.6666666666666666,0.6666666666666666,0,0.5
A3774HPOUKYTX7,30,56,41,55,36,74,14,0,25,6,22,9,15,9,28,2,0,9,0.2,0.39285714285714285,0.21951219512195122,0.2727272727272727,0.25,0.3783783783783784,0.14285714285714285,0,0.36
A1N9WMQ23RWU9Q,21,31,26,38,22,61,8,0,14,15,11,10,12,8,32,4,0,8,0.7142857142857143,0.3548387096774194,0.38461538461538464,0.3157894736842105,0.36363636363636365,0.5245901639344263,0.5,0,0.5714285714285714
A33S9Z0SQC71A0,19,32,25,39,24,55,7,0,19,11,21,12,24,16,39,4,0,11,0.5789473684210527,0.65625,0.48,0.6153846153846154,0.6666666666666666,0.7090909090909091,0.5714285714285714,0,0.5789473684210527
A1DS5O8MSI3ZH0,36,81,55,65,57,93,14,2,30,9,47,14,23,21,54,6,1,16,0.25,0.5802469135802469,0.2545454545454545,0.35384615384615387,0.3684210526315789,0.5806451612903226,0.42857142857142855,0.5,0.5333333333333333
APY5858P6BTDY,18,29,25,37,41,55,8,0,24,6,10,6,14,14,28,5,0,12,0.3333333333333333,0.3448275862068966,0.24,0.3783783783783784,0.34146341463414637,0.509090909090909,0.625,0,0.5
A1W7QLLENVP2AE,4,11,8,10,10,11,1,0,5,3,9,6,7,7,9,1,0,4,0.75,0.8181818181818182,0.75,0.7,0.7,0.8181818181818182,1.0,0,0.8
AB7LYMORLR5H0,10,18,10,19,17,26,8,0,11,5,5,5,7,8,15,3,0,7,0.5,0.2777777777777778,0.5,0.3684210526315789,0.47058823529411764,0.5769230769230769,0.375,0,0.6363636363636364
A37CO0N1KC1CDW,6,14,12,23,13,28,6,0,9,4,8,6,13,8,15,2,0,7,0.6666666666666666,0.5714285714285714,0.5,0.5652173913043478,0.6153846153846154,0.5357142857142857,0.3333333333333333,0,0.7777777777777778
A1USR9JCAMDGM3,28,46,29,39,44,69,12,1,24,15,19,10,12,18,33,6,1,15,0.5357142857142857,0.41304347826086957,0.3448275862068966,0.3076923076923077,0.4090909090909091,0.4782608695652174,0.5,1.0,0.625
A1RDRK3QTM7U96,47,84,76,89,73,115,19,2,37,28,62,46,64,47,80,12,1,26,0.5957446808510638,0.7380952380952381,0.6052631578947368,0.7191011235955056,0.6438356164383562,0.6956521739130435,0.631578947368421,0.5,0.7027027027027027
AF9NBMEJ385W9,36,70,62,78,67,103,16,2,33,23,50,40,58,45,86,12,1,24,0.6388888888888888,0.7142857142857143,0.6451612903225806,0.7435897435897436,0.6716417910447762,0.8349514563106796,0.75,0.5,0.7272727272727273
AEXF5EUX32U0M,12,24,14,28,22,39,7,0,15,6,6,5,11,12,23,2,0,8,0.5,0.25,0.35714285714285715,0.39285714285714285,0.5454545454545454,0.5897435897435898,0.2857142857142857,0,0.5333333333333333
A3VIQ9XPOYB8K6,32,53,45,56,54,82,11,1,31,14,19,18,16,18,35,5,1,15,0.4375,0.3584905660377358,0.4,0.2857142857142857,0.3333333333333333,0.4268292682926829,0.45454545454545453,1.0,0.4838709677419355
A3B7TNVOISSZ2O,22,49,36,52,39,73,13,1,23,16,42,29,43,31,63,10,1,20,0.7272727272727273,0.8571428571428571,0.8055555555555556,0.8269230769230769,0.7948717948717948,0.863013698630137,0.7692307692307693,1.0,0.8695652173913043
A110KENBXU7SUJ,37,99,70,66,67,107,15,1,24,7,29,9,11,11,21,3,0,7,0.1891891891891892,0.29292929292929293,0.12857142857142856,0.16666666666666666,0.16417910447761194,0.19626168224299065,0.2,0.0,0.2916666666666667
A2JCHN90PRUWDH,25,35,29,42,40,56,13,2,22,11,10,13,11,12,27,5,1,10,0.44,0.2857142857142857,0.4482758620689655,0.2619047619047619,0.3,0.48214285714285715,0.38461538461538464,0.5,0.45454545454545453
A9WIOFVRSYW3L,21,31,30,33,25,50,6,1,16,11,13,12,12,8,23,4,0,4,0.5238095238095238,0.41935483870967744,0.4,0.36363636363636365,0.32,0.46,0.6666666666666666,0.0,0.25
A3QPVH0DRW0ZQV,42,84,60,90,77,117,21,3,43,28,68,41,60,53,85,12,1,31,0.6666666666666666,0.8095238095238095,0.6833333333333333,0.6666666666666666,0.6883116883116883,0.7264957264957265,0.5714285714285714,0.3333333333333333,0.7209302325581395
A1601UNFFAAQOI,21,35,29,44,29,60,9,0,20,6,13,7,15,11,28,2,0,9,0.2857142857142857,0.37142857142857144,0.2413793103448276,0.3409090909090909,0.3793103448275862,0.4666666666666667,0.2222222222222222,0,0.45
A12MV66U9VGLQ1,33,59,46,67,61,89,15,3,26,10,25,9,18,14,32,4,0,10,0.30303030303030304,0.423728813559322,0.1956521739130435,0.26865671641791045,0.22950819672131148,0.3595505617977528,0.26666666666666666,0.0,0.38461538461538464
A1JO6AY55FG7QU,40,77,57,74,75,118,16,1,29,15,41,23,23,20,51,7,1,15,0.375,0.5324675324675324,0.40350877192982454,0.3108108108108108,0.26666666666666666,0.4322033898305085,0.4375,1.0,0.5172413793103449
A1NSWJKFJIZ06J,25,46,33,48,42,60,10,0,22,20,40,25,35,29,49,8,0,17,0.8,0.8695652173913043,0.7575757575757576,0.7291666666666666,0.6904761904761905,0.8166666666666667,0.8,0,0.7727272727272727
A5X1KZ9CCHREK,7,15,10,17,20,27,4,0,9,6,5,5,8,7,11,1,0,6,0.8571428571428571,0.3333333333333333,0.5,0.47058823529411764,0.35,0.4074074074074074,0.25,0,0.6666666666666666
A1M682B2WUSYJP,13,21,17,20,21,40,6,0,10,7,6,7,8,10,20,1,0,5,0.5384615384615384,0.2857142857142857,0.4117647058823529,0.4,0.47619047619047616,0.5,0.16666666666666666,0,0.5
ADIAEAPYRI8CK,51,105,79,95,78,137,25,1,35,17,53,32,22,18,59,7,1,15,0.3333333333333333,0.5047619047619047,0.4050632911392405,0.23157894736842105,0.23076923076923078,0.4306569343065693,0.28,1.0,0.42857142857142855
A34ZP0QJMB8X45,16,35,33,35,33,49,8,0,17,9,17,12,11,12,23,5,0,9,0.5625,0.4857142857142857,0.36363636363636365,0.3142857142857143,0.36363636363636365,0.46938775510204084,0.625,0,0.5294117647058824
A3EAUAU8V3B5S7,19,28,20,33,31,41,8,1,16,6,9,6,11,11,16,4,0,9,0.3157894736842105,0.32142857142857145,0.3,0.3333333333333333,0.3548387096774194,0.3902439024390244,0.5,0.0,0.5625
A2QIZ31TMHU0GD,17,32,21,44,41,50,9,1,21,7,11,4,17,13,18,3,0,8,0.4117647058823529,0.34375,0.19047619047619047,0.38636363636363635,0.3170731707317073,0.36,0.3333333333333333,0.0,0.38095238095238093
AT3C00TKZK13L,9,17,9,19,13,20,7,0,7,4,9,3,9,6,9,2,0,4,0.4444444444444444,0.5294117647058824,0.3333333333333333,0.47368421052631576,0.46153846153846156,0.45,0.2857142857142857,0,0.5714285714285714
A4T4577P6JL6R,33,44,38,44,37,84,9,0,22,13,11,15,16,16,44,5,0,14,0.3939393939393939,0.25,0.39473684210526316,0.36363636363636365,0.43243243243243246,0.5238095238095238,0.5555555555555556,0,0.6363636363636364
A1F8ONXY28ROAA,14,31,23,39,24,46,14,1,17,3,17,4,11,7,18,2,0,6,0.21428571428571427,0.5483870967741935,0.17391304347826086,0.28205128205128205,0.2916666666666667,0.391304347826087,0.14285714285714285,0.0,0.35294117647058826
A3U7FRXVDY12RJ,28,53,44,56,45,71,14,2,29,9,23,18,19,20,34,5,1,12,0.32142857142857145,0.4339622641509434,0.4090909090909091,0.3392857142857143,0.4444444444444444,0.4788732394366197,0.35714285714285715,0.5,0.41379310344827586
A1E77HZO63E334,22,66,47,57,48,95,8,0,18,7,43,15,14,13,42,6,0,5,0.3181818181818182,0.6515151515151515,0.3191489361702128,0.24561403508771928,0.2708333333333333,0.4421052631578947,0.75,0,0.2777777777777778
A1DIGREVLNOXT3,19,33,33,36,28,51,8,0,16,3,7,8,10,7,16,4,0,6,0.15789473684210525,0.21212121212121213,0.24242424242424243,0.2777777777777778,0.25,0.3137254901960784,0.5,0,0.375
A1WTIPXQDJIMUI,15,31,21,32,22,41,9,0,11,8,16,9,8,8,18,3,0,5,0.5333333333333333,0.5161290322580645,0.42857142857142855,0.25,0.36363636363636365,0.43902439024390244,0.3333333333333333,0,0.45454545454545453
A3OV174HQJIJK8,17,31,20,38,28,45,11,0,17,6,11,7,12,9,20,3,0,8,0.35294117647058826,0.3548387096774194,0.35,0.3157894736842105,0.32142857142857145,0.4444444444444444,0.2727272727272727,0,0.47058823529411764
A3SHLGG66PJXEB,18,40,30,38,29,51,6,0,14,4,16,5,12,8,19,4,0,4,0.2222222222222222,0.4,0.16666666666666666,0.3157894736842105,0.27586206896551724,0.37254901960784315,0.6666666666666666,0,0.2857142857142857
A3AN4TL6DFO4D2,38,65,55,70,63,103,11,2,30,22,44,33,46,39,74,9,1,20,0.5789473684210527,0.676923076923077,0.6,0.6571428571428571,0.6190476190476191,0.7184466019417476,0.8181818181818182,0.5,0.6666666666666666
A21SIPO89DP66I,19,42,35,46,34,61,10,0,19,9,22,19,17,15,35,5,0,7,0.47368421052631576,0.5238095238095238,0.5428571428571428,0.3695652173913043,0.4411764705882353,0.5737704918032787,0.5,0,0.3684210526315789
A3609GDWR2JCCA,15,20,14,23,20,36,4,0,10,8,7,5,12,11,22,1,0,6,0.5333333333333333,0.35,0.35714285714285715,0.5217391304347826,0.55,0.6111111111111112,0.25,0,0.6
A28LARVABNF9BX,18,37,28,43,38,51,11,1,18,13,19,17,16,15,31,6,1,10,0.7222222222222222,0.5135135135135135,0.6071428571428571,0.37209302325581395,0.39473684210526316,0.6078431372549019,0.5454545454545454,1.0,0.5555555555555556
A3174YB32Y52W2,25,43,34,48,45,55,11,1,30,10,17,17,19,18,31,5,1,15,0.4,0.3953488372093023,0.5,0.3958333333333333,0.4,0.5636363636363636,0.45454545454545453,1.0,0.5
A2BN1CX0PTWBXW,18,31,21,36,31,45,9,2,22,4,9,5,10,17,15,2,1,10,0.2222222222222222,0.2903225806451613,0.23809523809523808,0.2777777777777778,0.5483870967741935,0.3333333333333333,0.2222222222222222,0.5,0.45454545454545453
A3GDUZQGHRXUJI,32,69,54,63,55,90,16,2,30,11,38,23,21,17,42,6,1,15,0.34375,0.5507246376811594,0.42592592592592593,0.3333333333333333,0.3090909090909091,0.4666666666666667,0.375,0.5,0.5
A3SG23IVI6PS0L,17,42,29,42,40,52,10,0,18,4,16,5,9,12,20,4,0,8,0.23529411764705882,0.38095238095238093,0.1724137931034483,0.21428571428571427,0.3,0.38461538461538464,0.4,0,0.4444444444444444
A2B227N1NQYS56,15,19,17,22,19,28,6,0,13,9,8,10,10,8,20,2,0,7,0.6,0.42105263157894735,0.5882352941176471,0.45454545454545453,0.42105263157894735,0.7142857142857143,0.3333333333333333,0,0.5384615384615384
A256FHXGSY0E5D,4,7,2,7,9,18,2,0,2,1,2,1,4,4,8,1,0,1,0.25,0.2857142857142857,0.5,0.5714285714285714,0.4444444444444444,0.4444444444444444,0.5,0,0.5
AZZA3J049G7R5,14,20,18,32,33,40,9,0,13,8,9,8,14,10,21,3,0,6,0.5714285714285714,0.45,0.4444444444444444,0.4375,0.30303030303030304,0.525,0.3333333333333333,0,0.46153846153846156
A2XLM2JZ0A2J8R,9,17,9,22,11,34,5,0,12,4,7,2,10,6,22,2,0,8,0.4444444444444444,0.4117647058823529,0.2222222222222222,0.45454545454545453,0.5454545454545454,0.6470588235294118,0.4,0,0.6666666666666666
AAQREZOK13OV7,13,30,18,34,22,43,6,1,19,5,12,3,13,11,10,3,0,12,0.38461538461538464,0.4,0.16666666666666666,0.38235294117647056,0.5,0.23255813953488372,0.5,0.0,0.631578947368421
A2BP8SSKYDZZ64,32,63,57,68,53,92,13,1,28,17,37,24,22,19,47,7,1,15,0.53125,0.5873015873015873,0.42105263157894735,0.3235294117647059,0.3584905660377358,0.5108695652173914,0.5384615384615384,1.0,0.5357142857142857
A3S5ZB4D98JWT1,28,59,41,60,57,75,13,2,26,9,14,9,14,15,23,5,0,10,0.32142857142857145,0.23728813559322035,0.21951219512195122,0.23333333333333334,0.2631578947368421,0.30666666666666664,0.38461538461538464,0.0,0.38461538461538464
A2SE5QBXBBDL3N,35,65,49,67,67,108,14,1,34,10,28,16,19,15,50,5,0,11,0.2857142857142857,0.4307692307692308,0.32653061224489793,0.2835820895522388,0.22388059701492538,0.46296296296296297,0.35714285714285715,0.0,0.3235294117647059
A1378TVZLWPT2Z,23,47,34,47,44,60,10,1,28,9,18,14,18,19,28,6,1,16,0.391304347826087,0.3829787234042553,0.4117647058823529,0.3829787234042553,0.4318181818181818,0.4666666666666667,0.6,1.0,0.5714285714285714
A14WLAP6TCEKO0,20,30,26,40,26,54,10,0,12,6,10,2,14,14,22,8,0,8,0.3,0.3333333333333333,0.07692307692307693,0.35,0.5384615384615384,0.4074074074074074,0.8,0,0.6666666666666666
A3586AZAAHFYBX,23,48,31,51,45,61,9,1,26,9,14,16,16,16,33,5,1,14,0.391304347826087,0.2916666666666667,0.5161290322580645,0.3137254901960784,0.35555555555555557,0.5409836065573771,0.5555555555555556,1.0,0.5384615384615384
A3LL096CAY5WHB,20,36,31,41,35,67,8,0,19,9,12,13,14,15,40,3,0,8,0.45,0.3333333333333333,0.41935483870967744,0.34146341463414637,0.42857142857142855,0.5970149253731343,0.375,0,0.42105263157894735
A1RN7D103KUVQ1,30,66,50,68,70,96,14,1,29,11,27,14,21,18,40,5,1,13,0.36666666666666664,0.4090909090909091,0.28,0.3088235294117647,0.2571428571428571,0.4166666666666667,0.35714285714285715,1.0,0.4482758620689655
AAGP5VATPK8N2,36,65,57,74,55,93,12,1,28,10,17,13,12,15,28,4,1,11,0.2777777777777778,0.26153846153846155,0.22807017543859648,0.16216216216216217,0.2727272727272727,0.3010752688172043,0.3333333333333333,1.0,0.39285714285714285
A2RH621WK2VZJ0,32,58,48,59,51,83,14,2,27,8,16,7,13,13,21,6,1,10,0.25,0.27586206896551724,0.14583333333333334,0.22033898305084745,0.2549019607843137,0.25301204819277107,0.42857142857142855,0.5,0.37037037037037035
A141N2XGQXKPME,19,38,26,44,35,45,10,0,24,7,11,9,16,15,18,3,0,14,0.3684210526315789,0.2894736842105263,0.34615384615384615,0.36363636363636365,0.42857142857142855,0.4,0.3,0,0.5833333333333334
A2W55J9T0JDP2O,63,104,91,107,96,177,17,2,47,16,27,25,18,18,36,5,1,10,0.25396825396825395,0.25961538461538464,0.27472527472527475,0.16822429906542055,0.1875,0.2033898305084746,0.29411764705882354,0.5,0.2127659574468085
A1CYSGVB90E67S,36,62,57,66,56,99,12,1,34,13,28,25,22,21,57,6,1,18,0.3611111111111111,0.45161290322580644,0.43859649122807015,0.3333333333333333,0.375,0.5757575757575758,0.5,1.0,0.5294117647058824
A3OSOGJTD4XD9U,31,51,39,56,48,75,10,1,26,14,18,15,21,21,41,5,1,14,0.45161290322580644,0.35294117647058826,0.38461538461538464,0.375,0.4375,0.5466666666666666,0.5,1.0,0.5384615384615384
A2LAWUYEMWODHH,41,61,50,65,61,85,13,2,31,19,36,34,47,32,55,6,1,21,0.4634146341463415,0.5901639344262295,0.68,0.7230769230769231,0.5245901639344263,0.6470588235294118,0.46153846153846156,0.5,0.6774193548387096
A3L2UB07EZJAMD,19,38,21,41,30,53,7,1,23,13,32,14,36,27,44,6,1,20,0.6842105263157895,0.8421052631578947,0.6666666666666666,0.8780487804878049,0.9,0.8301886792452831,0.8571428571428571,1.0,0.8695652173913043
A5YVMQWA2IYPF,20,36,27,37,31,43,9,0,17,5,12,4,10,8,13,2,0,6,0.25,0.3333333333333333,0.14814814814814814,0.2702702702702703,0.25806451612903225,0.3023255813953488,0.2222222222222222,0,0.35294117647058826
A3VHDQR8A9JJ4F,15,32,20,30,28,37,9,0,14,7,14,4,11,9,13,2,0,4,0.4666666666666667,0.4375,0.2,0.36666666666666664,0.32142857142857145,0.35135135135135137,0.2222222222222222,0,0.2857142857142857
A3SMP47XOFZHSW,21,34,24,39,30,51,8,1,16,17,30,22,33,25,46,8,1,13,0.8095238095238095,0.8823529411764706,0.9166666666666666,0.8461538461538461,0.8333333333333334,0.9019607843137255,1.0,1.0,0.8125
A1POXSCJ9XAV74,34,77,55,79,58,114,13,1,29,8,20,13,16,16,34,6,0,16,0.23529411764705882,0.2597402597402597,0.23636363636363636,0.20253164556962025,0.27586206896551724,0.2982456140350877,0.46153846153846156,0.0,0.5517241379310345
A1FQK51ECARQNK,10,13,7,13,17,27,4,0,8,4,6,2,9,8,11,2,0,4,0.4,0.46153846153846156,0.2857142857142857,0.6923076923076923,0.47058823529411764,0.4074074074074074,0.5,0,0.5
A1RDQFNF6LD25Z,16,29,23,33,23,39,10,0,13,7,13,10,13,11,20,5,0,7,0.4375,0.4482758620689655,0.43478260869565216,0.3939393939393939,0.4782608695652174,0.5128205128205128,0.5,0,0.5384615384615384
A133QG754CGS3I,24,35,31,46,32,58,13,0,15,16,21,21,34,20,48,11,0,7,0.6666666666666666,0.6,0.6774193548387096,0.7391304347826086,0.625,0.8275862068965517,0.8461538461538461,0,0.4666666666666667
AB7LYMORLR5H0,1,2,2,2,2,2,0,0,2,0,1,0,0,1,1,0,0,1,0.0,0.5,0.0,0.0,0.5,0.5,0,0,0.5
A3ANNQ73J8M158,27,39,39,48,31,63,9,1,16,8,8,11,10,7,22,3,0,5,0.2962962962962963,0.20512820512820512,0.28205128205128205,0.20833333333333334,0.22580645161290322,0.3492063492063492,0.3333333333333333,0.0,0.3125
A1W7QLLENVP2AE,33,54,36,53,45,81,14,2,24,25,49,25,44,36,66,12,1,20,0.7575757575757576,0.9074074074074074,0.6944444444444444,0.8301886792452831,0.8,0.8148148148148148,0.8571428571428571,0.5,0.8333333333333334
A23EWFNNOUS10B,11,22,15,25,10,34,4,0,8,4,9,4,8,4,19,1,0,3,0.36363636363636365,0.4090909090909091,0.26666666666666666,0.32,0.4,0.5588235294117647,0.25,0,0.375
A1TTFE7OTLIJW8,19,38,32,43,26,59,8,0,17,6,22,11,16,9,30,4,0,8,0.3157894736842105,0.5789473684210527,0.34375,0.37209302325581395,0.34615384615384615,0.5084745762711864,0.5,0,0.47058823529411764
A2HHKBW8HQWI66,23,34,30,36,27,48,9,1,18,6,13,6,13,9,13,4,1,5,0.2608695652173913,0.38235294117647056,0.2,0.3611111111111111,0.3333333333333333,0.2708333333333333,0.4444444444444444,1.0,0.2777777777777778
A3LIOY7C4ZDQ50,15,25,17,27,19,42,5,0,10,6,9,5,7,6,13,4,0,5,0.4,0.36,0.29411764705882354,0.25925925925925924,0.3157894736842105,0.30952380952380953,0.8,0,0.5
A1TARNH07A75CG,9,18,9,23,18,33,6,0,13,4,6,1,9,10,12,2,0,7,0.4444444444444444,0.3333333333333333,0.1111111111111111,0.391304347826087,0.5555555555555556,0.36363636363636365,0.3333333333333333,0,0.5384615384615384
A3DFJV1RD653DQ,28,50,41,61,48,79,16,4,28,15,23,18,24,20,48,8,2,11,0.5357142857142857,0.46,0.43902439024390244,0.39344262295081966,0.4166666666666667,0.6075949367088608,0.5,0.5,0.39285714285714285
A2YP60DM1HYTH8,21,36,30,38,33,48,10,0,19,9,15,11,11,11,23,6,0,9,0.42857142857142855,0.4166666666666667,0.36666666666666664,0.2894736842105263,0.3333333333333333,0.4791666666666667,0.6,0,0.47368421052631576
A2M6URTK6WO6XJ,18,27,23,35,30,49,7,1,14,7,6,6,12,8,21,4,0,7,0.3888888888888889,0.2222222222222222,0.2608695652173913,0.34285714285714286,0.26666666666666666,0.42857142857142855,0.5714285714285714,0.0,0.5
AVQGY7FCU80XP,17,36,26,40,31,58,7,0,15,4,11,4,14,10,17,3,0,7,0.23529411764705882,0.3055555555555556,0.15384615384615385,0.35,0.3225806451612903,0.29310344827586204,0.42857142857142855,0,0.4666666666666667
A10299EPNHZ504,20,32,20,31,32,43,10,0,19,6,13,5,9,12,18,3,0,7,0.3,0.40625,0.25,0.2903225806451613,0.375,0.4186046511627907,0.3,0,0.3684210526315789
A22X2R4KD7YCOC,51,75,62,92,84,179,19,2,37,27,46,41,59,49,107,12,1,23,0.5294117647058824,0.6133333333333333,0.6612903225806451,0.6413043478260869,0.5833333333333334,0.5977653631284916,0.631578947368421,0.5,0.6216216216216216
A1G2U62KJ13ZF0,18,25,24,33,27,39,8,1,16,7,10,7,10,10,22,4,1,8,0.3888888888888889,0.4,0.2916666666666667,0.30303030303030304,0.37037037037037035,0.5641025641025641,0.5,1.0,0.5
A28O8I1SYFZO7A,20,25,25,37,29,46,5,0,12,10,10,7,15,10,21,4,0,5,0.5,0.4,0.28,0.40540540540540543,0.3448275862068966,0.45652173913043476,0.8,0,0.4166666666666667
A2P76QVLSGJR45,20,34,27,36,25,41,10,0,17,8,16,10,12,9,19,5,0,8,0.4,0.47058823529411764,0.37037037037037035,0.3333333333333333,0.36,0.4634146341463415,0.5,0,0.47058823529411764
A2INXY39KBM92F,17,25,24,34,22,37,9,1,11,8,22,17,22,15,25,6,1,7,0.47058823529411764,0.88,0.7083333333333334,0.6470588235294118,0.6818181818181818,0.6756756756756757,0.6666666666666666,1.0,0.6363636363636364
A1IBVWKNX3OKK7,10,22,15,24,22,31,6,0,10,8,10,7,10,10,19,5,0,8,0.8,0.45454545454545453,0.4666666666666667,0.4166666666666667,0.45454545454545453,0.6129032258064516,0.8333333333333334,0,0.8
A1DF95UHU5JH4Q,16,38,21,40,32,48,10,0,18,7,16,6,10,10,16,3,0,8,0.4375,0.42105263157894735,0.2857142857142857,0.25,0.3125,0.3333333333333333,0.3,0,0.4444444444444444
A1SIUJEL2LS8UO,26,36,36,48,44,57,15,1,26,9,21,13,17,16,30,5,1,14,0.34615384615384615,0.5833333333333334,0.3611111111111111,0.3541666666666667,0.36363636363636365,0.5263157894736842,0.3333333333333333,1.0,0.5384615384615384
A21KGSK2BDVWOA,21,38,27,42,39,53,11,1,23,9,21,13,18,15,31,5,1,14,0.42857142857142855,0.5526315789473685,0.48148148148148145,0.42857142857142855,0.38461538461538464,0.5849056603773585,0.45454545454545453,1.0,0.6086956521739131
A1Z2PN56VHHKNM,22,37,31,40,38,56,10,1,20,9,16,10,15,14,20,4,0,10,0.4090909090909091,0.43243243243243246,0.3225806451612903,0.375,0.3684210526315789,0.35714285714285715,0.4,0.0,0.5
A1E235KE3CSO7H,42,75,56,71,64,107,15,1,28,16,26,23,16,19,50,7,1,12,0.38095238095238093,0.3466666666666667,0.4107142857142857,0.22535211267605634,0.296875,0.4672897196261682,0.4666666666666667,1.0,0.42857142857142855
A1S9EY8YUIGDYV,50,58,51,74,56,124,12,1,29,16,31,25,33,23,70,6,1,15,0.32,0.5344827586206896,0.49019607843137253,0.44594594594594594,0.4107142857142857,0.5645161290322581,0.5,1.0,0.5172413793103449
A2COAUZ1TISD2Q,31,52,38,56,54,71,13,1,23,10,18,11,16,13,25,6,0,10,0.3225806451612903,0.34615384615384615,0.2894736842105263,0.2857142857142857,0.24074074074074073,0.352112676056338,0.46153846153846156,0.0,0.43478260869565216
A2m6tjir21bn2w,22,39,28,43,43,51,10,1,21,8,14,7,15,13,26,4,0,10,0.36363636363636365,0.358974358974359,0.25,0.3488372093023256,0.3023255813953488,0.5098039215686274,0.4,0.0,0.47619047619047616
AAEZQL4J6CQGM,17,33,20,35,26,45,8,0,18,5,15,7,13,11,25,3,0,8,0.29411764705882354,0.45454545454545453,0.35,0.37142857142857144,0.4230769230769231,0.5555555555555556,0.375,0,0.4444444444444444
A1ZM4MGF3PDJ0M,31,55,42,61,63,83,12,2,26,18,38,28,42,35,57,9,1,19,0.5806451612903226,0.6909090909090909,0.6666666666666666,0.6885245901639344,0.5555555555555556,0.6867469879518072,0.75,0.5,0.7307692307692307
A1XUZFDVKP95VC,27,50,44,52,46,71,13,1,26,15,28,23,18,17,46,6,1,11,0.5555555555555556,0.56,0.5227272727272727,0.34615384615384615,0.3695652173913043,0.647887323943662,0.46153846153846156,1.0,0.4230769230769231
A1J6Z70T78B35V,15,23,21,27,24,39,10,0,14,7,14,13,13,12,29,6,0,7,0.4666666666666667,0.6086956521739131,0.6190476190476191,0.48148148148148145,0.5,0.7435897435897436,0.6,0,0.5
A1KTPYX40PRLVW,25,64,45,71,44,85,16,0,17,6,32,8,14,11,30,4,0,5,0.24,0.5,0.17777777777777778,0.19718309859154928,0.25,0.35294117647058826,0.25,0,0.29411764705882354
A2XSAZ0Y6HPDQA,25,52,42,54,49,73,12,1,26,12,22,14,17,25,40,5,1,15,0.48,0.4230769230769231,0.3333333333333333,0.3148148148148148,0.5102040816326531,0.547945205479452,0.4166666666666667,1.0,0.5769230769230769
A12BTFPKFKKD2I,36,80,64,78,63,104,18,1,38,11,41,20,30,19,48,8,1,15,0.3055555555555556,0.5125,0.3125,0.38461538461538464,0.30158730158730157,0.46153846153846156,0.4444444444444444,1.0,0.39473684210526316
A1PUHCEBSOWETV,23,33,31,43,35,60,9,0,17,11,28,22,34,22,44,5,0,13,0.4782608695652174,0.8484848484848485,0.7096774193548387,0.7906976744186046,0.6285714285714286,0.7333333333333333,0.5555555555555556,0,0.7647058823529411
A1WOCD9SAYI07V,20,37,35,46,30,57,9,1,17,8,14,12,14,7,30,3,0,4,0.4,0.3783783783783784,0.34285714285714286,0.30434782608695654,0.23333333333333334,0.5263157894736842,0.3333333333333333,0.0,0.23529411764705882
A3RVHUY67SVXQV,23,32,26,31,31,51,8,0,17,9,14,9,14,15,26,5,0,14,0.391304347826087,0.4375,0.34615384615384615,0.45161290322580644,0.4838709677419355,0.5098039215686274,0.625,0,0.8235294117647058
A1YTHGG0S2IJWZ,17,39,26,50,34,61,9,1,19,4,15,5,10,8,18,2,0,8,0.23529411764705882,0.38461538461538464,0.19230769230769232,0.2,0.23529411764705882,0.29508196721311475,0.2222222222222222,0.0,0.42105263157894735
A2REJHHCX9OHFI,36,81,67,78,63,101,14,1,31,14,34,24,20,16,32,6,0,13,0.3888888888888889,0.41975308641975306,0.3582089552238806,0.2564102564102564,0.25396825396825395,0.31683168316831684,0.42857142857142855,0.0,0.41935483870967744
A24D98LB6OALQY,19,23,22,26,26,55,4,1,11,5,12,5,10,11,27,1,0,6,0.2631578947368421,0.5217391304347826,0.22727272727272727,0.38461538461538464,0.4230769230769231,0.4909090909090909,0.25,0.0,0.5454545454545454
A10VYQMVSHNFCV,18,32,27,38,22,52,8,1,12,11,27,19,33,15,42,6,1,8,0.6111111111111112,0.84375,0.7037037037037037,0.868421052631579,0.6818181818181818,0.8076923076923077,0.75,1.0,0.6666666666666666
A1RVMADIZE3BXK,20,28,24,41,26,59,9,0,16,9,18,13,19,9,36,2,0,5,0.45,0.6428571428571429,0.5416666666666666,0.4634146341463415,0.34615384615384615,0.6101694915254238,0.2222222222222222,0,0.3125
A2ECXGDFC0NJEL,30,64,40,55,56,78,14,2,25,11,25,12,16,14,35,6,1,11,0.36666666666666664,0.390625,0.3,0.2909090909090909,0.25,0.44871794871794873,0.42857142857142855,0.5,0.44
A1IMXNDHFHG2IE,18,30,21,33,23,46,7,2,19,12,23,11,25,16,31,6,1,14,0.6666666666666666,0.7666666666666667,0.5238095238095238,0.7575757575757576,0.6956521739130435,0.6739130434782609,0.8571428571428571,0.5,0.7368421052631579
A1AGPPFSUSJSZN,26,36,31,47,40,55,10,1,25,9,16,15,15,15,33,6,1,14,0.34615384615384615,0.4444444444444444,0.4838709677419355,0.3191489361702128,0.375,0.6,0.6,1.0,0.56
a3orzpmvivngjs,12,27,22,32,27,42,8,0,15,5,13,9,13,10,27,4,0,9,0.4166666666666667,0.48148148148148145,0.4090909090909091,0.40625,0.37037037037037035,0.6428571428571429,0.5,0,0.6
A1RCP3YTL0TE7W,26,43,31,47,42,61,12,1,23,11,15,11,15,14,29,5,1,11,0.4230769230769231,0.3488372093023256,0.3548387096774194,0.3191489361702128,0.3333333333333333,0.47540983606557374,0.4166666666666667,1.0,0.4782608695652174
A285E5FTA8GGID,37,46,42,59,52,83,12,1,33,14,17,16,19,20,45,5,0,16,0.3783783783783784,0.3695652173913043,0.38095238095238093,0.3220338983050847,0.38461538461538464,0.5421686746987951,0.4166666666666667,0.0,0.48484848484848486
AZJKB1D4AFMQY,24,52,38,54,46,72,11,2,23,10,23,16,15,16,31,5,1,11,0.4166666666666667,0.4423076923076923,0.42105263157894735,0.2777777777777778,0.34782608695652173,0.4305555555555556,0.45454545454545453,0.5,0.4782608695652174
A3TBOHEHKXYV6C,22,36,30,37,35,51,9,0,18,13,26,18,26,19,40,6,0,12,0.5909090909090909,0.7222222222222222,0.6,0.7027027027027027,0.5428571428571428,0.7843137254901961,0.6666666666666666,0,0.6666666666666666
A2DZ90CLYIB2BA,12,19,15,25,16,28,8,0,11,6,7,5,8,6,11,3,0,5,0.5,0.3684210526315789,0.3333333333333333,0.32,0.375,0.39285714285714285,0.375,0,0.45454545454545453
A22EDUBB602EJD,18,38,29,42,22,50,11,0,14,4,17,4,8,7,18,3,0,4,0.2222222222222222,0.4473684210526316,0.13793103448275862,0.19047619047619047,0.3181818181818182,0.36,0.2727272727272727,0,0.2857142857142857
A24U7XTFENX96C,25,58,46,48,47,69,9,0,26,9,27,19,13,14,26,5,0,13,0.36,0.46551724137931033,0.41304347826086957,0.2708333333333333,0.2978723404255319,0.37681159420289856,0.5555555555555556,0,0.5
A7BEUXS3FTZTH,19,27,20,35,25,42,10,2,15,8,11,7,10,11,21,3,1,6,0.42105263157894735,0.4074074074074074,0.35,0.2857142857142857,0.44,0.5,0.3,0.5,0.4
A2V98P6N59LY9M,32,61,44,66,51,84,14,1,32,8,14,5,13,16,16,4,1,11,0.25,0.22950819672131148,0.11363636363636363,0.19696969696969696,0.3137254901960784,0.19047619047619047,0.2857142857142857,1.0,0.34375
A321YWMP74ULKH,21,35,24,49,44,57,10,1,21,9,14,7,18,14,24,3,0,8,0.42857142857142855,0.4,0.2916666666666667,0.3673469387755102,0.3181818181818182,0.42105263157894735,0.3,0.0,0.38095238095238093
AZX36TLZ8IFSP,25,54,48,59,40,71,10,0,23,7,29,20,17,10,34,3,0,8,0.28,0.5370370370370371,0.4166666666666667,0.288135593220339,0.25,0.4788732394366197,0.3,0,0.34782608695652173
A3UPZ88FI1EJC,17,35,30,41,26,53,9,1,15,11,29,24,32,20,45,8,1,10,0.6470588235294118,0.8285714285714286,0.8,0.7804878048780488,0.7692307692307693,0.8490566037735849,0.8888888888888888,1.0,0.6666666666666666
A2BNOEYZ3VRW2R,14,18,15,20,20,30,7,0,10,9,7,7,7,8,20,4,0,7,0.6428571428571429,0.3888888888888889,0.4666666666666667,0.35,0.4,0.6666666666666666,0.5714285714285714,0,0.7
A39GADIK8RLMVC,21,39,24,37,34,59,13,2,22,11,20,11,18,17,35,8,2,15,0.5238095238095238,0.5128205128205128,0.4583333333333333,0.4864864864864865,0.5,0.5932203389830508,0.6153846153846154,1.0,0.6818181818181818
A4W9APAHFWVLO,27,43,33,45,44,61,12,1,29,10,14,11,17,14,23,6,1,14,0.37037037037037035,0.32558139534883723,0.3333333333333333,0.37777777777777777,0.3181818181818182,0.3770491803278688,0.5,1.0,0.4827586206896552
A1MSLM87Z8CLTK,22,54,33,50,41,80,10,0,20,5,26,13,17,14,28,6,0,10,0.22727272727272727,0.48148148148148145,0.3939393939393939,0.34,0.34146341463414637,0.35,0.6,0,0.5
A2NGMLBFZ3YQP5,42,102,86,104,82,135,17,1,41,13,38,31,32,24,51,7,1,21,0.30952380952380953,0.37254901960784315,0.36046511627906974,0.3076923076923077,0.2926829268292683,0.37777777777777777,0.4117647058823529,1.0,0.5121951219512195
A1XFAUNS2LQL9H,20,31,27,35,26,45,9,1,19,13,25,21,26,21,38,8,1,14,0.65,0.8064516129032258,0.7777777777777778,0.7428571428571429,0.8076923076923077,0.8444444444444444,0.8888888888888888,1.0,0.7368421052631579
A3G5IPGLH1IIZN,28,58,43,67,43,86,8,0,19,6,15,9,15,6,24,3,0,6,0.21428571428571427,0.25862068965517243,0.20930232558139536,0.22388059701492538,0.13953488372093023,0.27906976744186046,0.375,0,0.3157894736842105
A1ICZ6VHY7Y2OY,29,55,43,63,54,80,13,1,32,23,51,39,54,44,75,12,1,28,0.7931034482758621,0.9272727272727272,0.9069767441860465,0.8571428571428571,0.8148148148148148,0.9375,0.9230769230769231,1.0,0.875
A3NUYAG56BPYBB,11,20,11,24,15,34,6,0,10,5,10,2,12,9,17,2,0,7,0.45454545454545453,0.5,0.18181818181818182,0.5,0.6,0.5,0.3333333333333333,0,0.7
A3MPHGI584PR1U,31,52,38,51,49,72,15,1,29,11,16,13,17,18,33,7,0,15,0.3548387096774194,0.3076923076923077,0.34210526315789475,0.3333333333333333,0.3673469387755102,0.4583333333333333,0.4666666666666667,0.0,0.5172413793103449
A1MJFW27HXR76D,24,36,31,47,35,60,11,1,22,18,31,22,35,28,52,8,1,15,0.75,0.8611111111111112,0.7096774193548387,0.7446808510638298,0.8,0.8666666666666667,0.7272727272727273,1.0,0.6818181818181818
A30GPAEVFFIAIW,31,49,43,51,46,71,15,1,28,13,24,22,21,18,45,5,1,16,0.41935483870967744,0.4897959183673469,0.5116279069767442,0.4117647058823529,0.391304347826087,0.6338028169014085,0.3333333333333333,1.0,0.5714285714285714
A2RVEG53L48BAE,15,28,17,26,25,34,8,0,12,0,4,1,6,7,14,3,0,2,0.0,0.14285714285714285,0.058823529411764705,0.23076923076923078,0.28,0.4117647058823529,0.375,0,0.16666666666666666
A171WYV1TRESW8,15,29,22,33,29,41,8,0,16,5,8,8,10,10,18,5,0,9,0.3333333333333333,0.27586206896551724,0.36363636363636365,0.30303030303030304,0.3448275862068966,0.43902439024390244,0.625,0,0.5625
A15RSC70TW7ZKW,29,38,41,49,44,72,11,2,25,6,15,8,11,15,29,6,1,12,0.20689655172413793,0.39473684210526316,0.1951219512195122,0.22448979591836735,0.3409090909090909,0.4027777777777778,0.5454545454545454,0.5,0.48
A34I7PV0UHRMKS,27,55,42,58,47,81,15,0,29,6,13,12,15,15,20,5,0,13,0.2222222222222222,0.23636363636363636,0.2857142857142857,0.25862068965517243,0.3191489361702128,0.24691358024691357,0.3333333333333333,0,0.4482758620689655
A3C49ON1P4KF40,22,53,37,52,41,74,12,0,21,7,26,13,15,12,26,2,0,8,0.3181818181818182,0.49056603773584906,0.35135135135135137,0.28846153846153844,0.2926829268292683,0.35135135135135137,0.16666666666666666,0,0.38095238095238093
A2798F0ZHDDZ78,31,88,56,75,72,109,22,3,34,8,54,20,28,22,47,4,1,15,0.25806451612903225,0.6136363636363636,0.35714285714285715,0.37333333333333335,0.3055555555555556,0.43119266055045874,0.18181818181818182,0.3333333333333333,0.4411764705882353
ALM8YFO0272UR,25,46,39,50,37,62,13,1,25,19,42,30,42,34,57,9,1,21,0.76,0.9130434782608695,0.7692307692307693,0.84,0.918918918918919,0.9193548387096774,0.6923076923076923,1.0,0.84
AMYRVTU53MLYO,18,35,32,39,32,53,9,0,19,8,14,14,13,15,33,5,0,9,0.4444444444444444,0.4,0.4375,0.3333333333333333,0.46875,0.6226415094339622,0.5555555555555556,0,0.47368421052631576
A5T9IFDZ3W4T6,20,39,28,38,34,52,10,1,19,7,17,10,11,10,20,4,1,9,0.35,0.4358974358974359,0.35714285714285715,0.2894736842105263,0.29411764705882354,0.38461538461538464,0.4,1.0,0.47368421052631576
A2VR9O234UCT9T,24,43,38,45,38,66,10,5,21,8,20,15,12,16,28,5,2,8,0.3333333333333333,0.46511627906976744,0.39473684210526316,0.26666666666666666,0.42105263157894735,0.42424242424242425,0.5,0.4,0.38095238095238093
A2QQFGD7K7AHK8,15,23,20,28,19,32,9,0,12,5,4,4,9,7,14,4,0,5,0.3333333333333333,0.17391304347826086,0.2,0.32142857142857145,0.3684210526315789,0.4375,0.4444444444444444,0,0.4166666666666667
A3NYQPXI8I57R1,15,26,17,32,23,42,9,0,17,6,11,5,16,12,25,3,0,12,0.4,0.4230769230769231,0.29411764705882354,0.5,0.5217391304347826,0.5952380952380952,0.3333333333333333,0,0.7058823529411765
A2KVYRNL2CK95F,16,24,24,34,36,50,8,0,18,4,6,9,12,22,28,3,0,10,0.25,0.25,0.375,0.35294117647058826,0.6111111111111112,0.56,0.375,0,0.5555555555555556
A2TH9DIRISH8FE,32,43,37,45,34,80,8,1,18,12,19,11,13,12,41,3,1,8,0.375,0.4418604651162791,0.2972972972972973,0.28888888888888886,0.35294117647058826,0.5125,0.375,1.0,0.4444444444444444
AA8MK8AWWWL62,34,83,66,84,70,118,18,2,39,9,35,20,20,20,51,7,1,17,0.2647058823529412,0.42168674698795183,0.30303030303030304,0.23809523809523808,0.2857142857142857,0.4322033898305085,0.3888888888888889,0.5,0.4358974358974359
A1PP6DN7HB6Q9P,19,32,27,39,30,54,11,1,16,8,12,6,14,12,26,5,1,9,0.42105263157894735,0.375,0.2222222222222222,0.358974358974359,0.4,0.48148148148148145,0.45454545454545453,1.0,0.5625
A27TKWMGFUCDMY,20,35,22,39,29,52,8,0,22,6,13,5,15,13,26,3,0,12,0.3,0.37142857142857144,0.22727272727272727,0.38461538461538464,0.4482758620689655,0.5,0.375,0,0.5454545454545454
AICK0VN8QOZT2,33,57,45,57,50,82,10,1,25,15,23,17,11,15,44,5,1,10,0.45454545454545453,0.40350877192982454,0.37777777777777777,0.19298245614035087,0.3,0.5365853658536586,0.5,1.0,0.4
A33YV3NK3GWR8V,25,41,35,50,38,61,13,1,22,9,19,13,18,13,30,7,1,10,0.36,0.4634146341463415,0.37142857142857144,0.36,0.34210526315789475,0.4918032786885246,0.5384615384615384,1.0,0.45454545454545453
AQDJLDXG1PAF3,20,41,31,42,30,63,11,0,18,8,16,9,13,11,20,4,0,9,0.4,0.3902439024390244,0.2903225806451613,0.30952380952380953,0.36666666666666664,0.31746031746031744,0.36363636363636365,0,0.5
A2NCNAIYI022X9,16,29,24,29,28,42,8,0,15,11,21,16,23,17,33,8,0,10,0.6875,0.7241379310344828,0.6666666666666666,0.7931034482758621,0.6071428571428571,0.7857142857142857,1.0,0,0.6666666666666666
AIX6PAGON01EE,47,74,64,79,69,129,15,2,32,13,32,22,24,19,56,5,1,13,0.2765957446808511,0.43243243243243246,0.34375,0.3037974683544304,0.2753623188405797,0.43410852713178294,0.3333333333333333,0.5,0.40625
AKP3UXJ0TDPVO,11,22,15,24,23,27,9,0,12,5,11,4,13,10,12,4,0,4,0.45454545454545453,0.5,0.26666666666666666,0.5416666666666666,0.43478260869565216,0.4444444444444444,0.4444444444444444,0,0.3333333333333333
A2LV5432PV1S39,20,45,33,46,42,62,11,1,20,14,35,25,38,28,53,10,1,14,0.7,0.7777777777777778,0.7575757575757576,0.8260869565217391,0.6666666666666666,0.8548387096774194,0.9090909090909091,1.0,0.7
A112LUS6RHBNYB,25,44,33,42,26,69,10,1,15,11,27,14,13,10,33,4,0,9,0.44,0.6136363636363636,0.42424242424242425,0.30952380952380953,0.38461538461538464,0.4782608695652174,0.4,0.0,0.6
A2KBDMSS91OUPE,49,101,73,87,85,135,18,2,41,14,41,26,23,20,46,5,0,17,0.2857142857142857,0.40594059405940597,0.3561643835616438,0.26436781609195403,0.23529411764705882,0.34074074074074073,0.2777777777777778,0.0,0.4146341463414634
A02V2W10EPTMQ,13,19,14,27,20,28,6,0,10,3,8,5,10,7,15,2,0,4,0.23076923076923078,0.42105263157894735,0.35714285714285715,0.37037037037037035,0.35,0.5357142857142857,0.3333333333333333,0,0.4
A12C01LD8TO3Y8,21,35,23,37,33,45,13,0,18,8,18,6,15,14,20,5,0,10,0.38095238095238093,0.5142857142857142,0.2608695652173913,0.40540540540540543,0.42424242424242425,0.4444444444444444,0.38461538461538464,0,0.5555555555555556
AFDYZFJVIAUJ,26,40,32,43,28,48,9,0,15,10,17,7,11,8,13,3,0,5,0.38461538461538464,0.425,0.21875,0.2558139534883721,0.2857142857142857,0.2708333333333333,0.3333333333333333,0,0.3333333333333333
A37N5X89RE99B0,26,42,31,48,44,60,13,1,30,9,19,8,18,17,28,6,1,16,0.34615384615384615,0.4523809523809524,0.25806451612903225,0.375,0.38636363636363635,0.4666666666666667,0.46153846153846156,1.0,0.5333333333333333
A2UTHR7YGLN9DC,28,36,35,44,41,54,12,1,23,8,19,15,12,15,32,5,1,9,0.2857142857142857,0.5277777777777778,0.42857142857142855,0.2727272727272727,0.36585365853658536,0.5925925925925926,0.4166666666666667,1.0,0.391304347826087
AZ2DZLLMYQF1P,19,32,28,35,30,48,8,0,17,8,13,10,8,9,21,2,0,4,0.42105263157894735,0.40625,0.35714285714285715,0.22857142857142856,0.3,0.4375,0.25,0,0.23529411764705882
A2539PUSDD137T,28,48,39,43,37,71,14,1,19,7,20,9,12,9,29,4,0,6,0.25,0.4166666666666667,0.23076923076923078,0.27906976744186046,0.24324324324324326,0.4084507042253521,0.2857142857142857,0.0,0.3157894736842105
A3E73BVSABJ7LM,8,21,13,22,18,35,6,0,9,4,3,6,7,7,16,3,0,7,0.5,0.14285714285714285,0.46153846153846156,0.3181818181818182,0.3888888888888889,0.45714285714285713,0.5,0,0.7777777777777778
A1HKB73TUJ5Z42,11,23,15,24,18,29,6,1,9,3,9,4,11,8,11,3,0,5,0.2727272727272727,0.391304347826087,0.26666666666666666,0.4583333333333333,0.4444444444444444,0.3793103448275862,0.5,0.0,0.5555555555555556
A20WI3VW3CBOWN,28,63,50,57,47,73,11,1,31,12,21,20,18,14,28,5,1,12,0.42857142857142855,0.3333333333333333,0.4,0.3157894736842105,0.2978723404255319,0.3835616438356164,0.45454545454545453,1.0,0.3870967741935484
A3JXAURWDF54DG,35,51,50,62,53,82,14,2,28,16,28,20,20,18,34,5,0,10,0.45714285714285713,0.5490196078431373,0.4,0.3225806451612903,0.33962264150943394,0.4146341463414634,0.35714285714285715,0.0,0.35714285714285715
A3P46WP16JCU2V,35,53,48,60,53,84,12,1,31,10,21,12,16,17,37,4,1,13,0.2857142857142857,0.39622641509433965,0.25,0.26666666666666666,0.32075471698113206,0.44047619047619047,0.3333333333333333,1.0,0.41935483870967744
A1PKCBFB4QY19G,36,81,64,80,75,117,15,2,28,18,42,36,36,28,59,11,0,15,0.5,0.5185185185185185,0.5625,0.45,0.37333333333333335,0.5042735042735043,0.7333333333333333,0.0,0.5357142857142857
A17CM9QPETQYGH,49,92,67,82,84,131,14,1,31,19,60,43,37,35,81,5,1,17,0.3877551020408163,0.6521739130434783,0.6417910447761194,0.45121951219512196,0.4166666666666667,0.6183206106870229,0.35714285714285715,1.0,0.5483870967741935
A2WNVSJ1Y06SS1,30,44,34,45,44,67,10,2,27,8,16,16,14,14,31,4,1,15,0.26666666666666666,0.36363636363636365,0.47058823529411764,0.3111111111111111,0.3181818181818182,0.4626865671641791,0.4,0.5,0.5555555555555556
A002160837SWJFPIAI7L,21,39,30,45,38,56,11,1,27,10,18,14,18,21,30,6,1,16,0.47619047619047616,0.46153846153846156,0.4666666666666667,0.4,0.5526315789473685,0.5357142857142857,0.5454545454545454,1.0,0.5925925925925926
A1OK974KXKO6FJ,35,58,38,57,55,88,13,1,29,10,27,12,18,17,40,6,0,14,0.2857142857142857,0.46551724137931033,0.3157894736842105,0.3157894736842105,0.3090909090909091,0.45454545454545453,0.46153846153846156,0.0,0.4827586206896552
A1PE5GCMNEFIT4,22,30,23,34,32,45,10,0,21,9,13,8,13,14,21,5,0,12,0.4090909090909091,0.43333333333333335,0.34782608695652173,0.38235294117647056,0.4375,0.4666666666666667,0.5,0,0.5714285714285714
AI2PQDHMQXG2S,42,87,62,76,64,121,16,1,26,21,68,36,53,33,82,8,1,18,0.5,0.7816091954022989,0.5806451612903226,0.6973684210526315,0.515625,0.6776859504132231,0.5,1.0,0.6923076923076923
A29AX5O8KL48F8,18,28,24,29,27,39,8,1,18,6,11,11,9,11,21,5,1,10,0.3333333333333333,0.39285714285714285,0.4583333333333333,0.3103448275862069,0.4074074074074074,0.5384615384615384,0.625,1.0,0.5555555555555556
A1QZ7RWVIXCBH9,27,45,43,46,33,71,11,0,21,7,21,13,11,8,22,4,0,5,0.25925925925925924,0.4666666666666667,0.3023255813953488,0.2391304347826087,0.24242424242424243,0.30985915492957744,0.36363636363636365,0,0.23809523809523808
A17SE6TSFTEUHM,24,48,39,51,50,65,11,1,27,6,24,11,17,16,31,5,1,13,0.25,0.5,0.28205128205128205,0.3333333333333333,0.32,0.47692307692307695,0.45454545454545453,1.0,0.48148148148148145
ASUYD8BPYM85M,19,30,25,36,26,52,10,0,15,5,16,8,14,10,18,4,0,6,0.2631578947368421,0.5333333333333333,0.32,0.3888888888888889,0.38461538461538464,0.34615384615384615,0.4,0,0.4
A3FH8OSFWOLI7A,24,48,36,52,43,64,16,1,24,12,21,15,17,15,29,7,1,14,0.5,0.4375,0.4166666666666667,0.3269230769230769,0.3488372093023256,0.453125,0.4375,1.0,0.5833333333333334
AUJU22WBACIBR,26,39,36,55,43,79,12,0,22,10,14,11,15,21,39,5,0,10,0.38461538461538464,0.358974358974359,0.3055555555555556,0.2727272727272727,0.4883720930232558,0.4936708860759494,0.4166666666666667,0,0.45454545454545453
A2VPMK37V0JJ5,26,54,37,43,35,68,8,1,10,5,27,3,11,7,15,3,1,4,0.19230769230769232,0.5,0.08108108108108109,0.2558139534883721,0.2,0.22058823529411764,0.375,1.0,0.4
A17N3LOP5HGSQ8,35,86,66,82,71,117,18,1,29,10,41,17,19,19,51,5,0,13,0.2857142857142857,0.47674418604651164,0.25757575757575757,0.23170731707317074,0.2676056338028169,0.4358974358974359,0.2777777777777778,0.0,0.4482758620689655
A36YZCJV91T1EX,34,54,50,63,58,81,13,2,27,21,40,37,46,38,63,11,1,20,0.6176470588235294,0.7407407407407407,0.74,0.7301587301587301,0.6551724137931034,0.7777777777777778,0.8461538461538461,0.5,0.7407407407407407
A2BTDUJFLSBN8E,8,21,13,31,14,40,6,0,13,6,11,5,13,6,22,2,0,5,0.75,0.5238095238095238,0.38461538461538464,0.41935483870967744,0.42857142857142855,0.55,0.3333333333333333,0,0.38461538461538464
A1MM8TSLCHVMNK,30,66,57,72,50,96,13,0,22,4,39,14,12,12,28,6,0,6,0.13333333333333333,0.5909090909090909,0.24561403508771928,0.16666666666666666,0.24,0.2916666666666667,0.46153846153846156,0,0.2727272727272727
A16H2A65RPIJE1,15,30,22,37,33,49,8,0,13,3,12,6,11,9,16,2,0,4,0.2,0.4,0.2727272727272727,0.2972972972972973,0.2727272727272727,0.32653061224489793,0.25,0,0.3076923076923077
A2LBOVE1R9TCNL,12,19,17,28,28,43,7,0,19,11,18,13,22,25,40,6,0,15,0.9166666666666666,0.9473684210526315,0.7647058823529411,0.7857142857142857,0.8928571428571429,0.9302325581395349,0.8571428571428571,0,0.7894736842105263
A2CTA782EBXUCT,17,40,32,47,34,65,10,0,18,4,20,8,13,12,24,4,0,10,0.23529411764705882,0.5,0.25,0.2765957446808511,0.35294117647058826,0.36923076923076925,0.4,0,0.5555555555555556
A1KZ6I92SWIN75,19,40,31,41,47,58,9,1,21,6,16,14,11,12,28,4,0,10,0.3157894736842105,0.4,0.45161290322580644,0.2682926829268293,0.2553191489361702,0.4827586206896552,0.4444444444444444,0.0,0.47619047619047616
A247EMWK0LVQGK,35,74,56,82,77,111,18,2,36,20,53,31,52,48,84,11,1,26,0.5714285714285714,0.7162162162162162,0.5535714285714286,0.6341463414634146,0.6233766233766234,0.7567567567567568,0.6111111111111112,0.5,0.7222222222222222
A1MICIRPQ6X8B5,22,40,30,44,39,55,10,1,24,15,33,25,35,30,49,8,1,19,0.6818181818181818,0.825,0.8333333333333334,0.7954545454545454,0.7692307692307693,0.8909090909090909,0.8,1.0,0.7916666666666666
A2SF0TUK6XTPCO,26,50,42,53,47,68,11,1,27,10,22,14,15,13,25,4,0,13,0.38461538461538464,0.44,0.3333333333333333,0.2830188679245283,0.2765957446808511,0.36764705882352944,0.36363636363636365,0.0,0.48148148148148145
AEMKB98WAW7YA,27,46,40,46,46,63,11,1,24,8,22,16,18,16,40,5,1,12,0.2962962962962963,0.4782608695652174,0.4,0.391304347826087,0.34782608695652173,0.6349206349206349,0.45454545454545453,1.0,0.5
A277U5B7IPWZSY,33,77,64,77,60,102,16,1,36,10,39,20,23,19,41,6,0,16,0.30303030303030304,0.5064935064935064,0.3125,0.2987012987012987,0.31666666666666665,0.4019607843137255,0.375,0.0,0.4444444444444444
A1QAXGXLG5SYUR,34,69,51,67,56,88,12,1,32,11,25,17,17,16,29,5,0,14,0.3235294117647059,0.36231884057971014,0.3333333333333333,0.2537313432835821,0.2857142857142857,0.32954545454545453,0.4166666666666667,0.0,0.4375
AB8FEGGUOZXXA,27,51,47,54,47,74,9,1,26,11,28,24,17,15,37,5,1,13,0.4074074074074074,0.5490196078431373,0.5106382978723404,0.3148148148148148,0.3191489361702128,0.5,0.5555555555555556,1.0,0.5
A3A4ZWV53ALGGD,28,69,54,63,62,90,12,1,26,15,32,31,21,20,52,7,1,13,0.5357142857142857,0.463768115942029,0.5740740740740741,0.3333333333333333,0.3225806451612903,0.5777777777777777,0.5833333333333334,1.0,0.5
AXKM02NVXNGOM,26,46,38,49,34,59,13,2,20,8,24,13,23,14,25,3,0,9,0.3076923076923077,0.5217391304347826,0.34210526315789475,0.46938775510204084,0.4117647058823529,0.423728813559322,0.23076923076923078,0.0,0.45
ANJML6J7NL7CX,20,38,29,39,31,46,9,0,17,6,21,4,12,10,17,3,0,8,0.3,0.5526315789473685,0.13793103448275862,0.3076923076923077,0.3225806451612903,0.3695652173913043,0.3333333333333333,0,0.47058823529411764
A2PGJXWUMD0M2l,33,60,53,63,54,80,10,1,28,11,29,16,18,16,35,5,1,12,0.3333333333333333,0.48333333333333334,0.3018867924528302,0.2857142857142857,0.2962962962962963,0.4375,0.5,1.0,0.42857142857142855
A7MW43YUFAPE9,40,117,92,103,90,147,17,2,36,19,84,44,54,40,79,9,0,21,0.475,0.717948717948718,0.4782608695652174,0.5242718446601942,0.4444444444444444,0.5374149659863946,0.5294117647058824,0.0,0.5833333333333334
A1USN4KHILLJFN,20,31,33,42,37,48,10,1,18,9,15,12,11,8,27,4,1,7,0.45,0.4838709677419355,0.36363636363636365,0.2619047619047619,0.21621621621621623,0.5625,0.4,1.0,0.3888888888888889
ADIXVUPICNIY4,26,61,48,65,62,96,11,4,26,8,27,19,17,18,39,6,1,14,0.3076923076923077,0.4426229508196721,0.3958333333333333,0.26153846153846155,0.2903225806451613,0.40625,0.5454545454545454,0.25,0.5384615384615384
A13XORUKQX5F4P,33,51,54,56,38,99,7,0,24,23,39,39,26,20,69,4,0,14,0.696969696969697,0.7647058823529411,0.7222222222222222,0.4642857142857143,0.5263157894736842,0.696969696969697,0.5714285714285714,0,0.5833333333333334
A3ROI7SRC1SG2K,29,46,41,55,50,75,13,1,27,15,26,23,33,44,47,8,0,19,0.5172413793103449,0.5652173913043478,0.5609756097560976,0.6,0.88,0.6266666666666667,0.6153846153846154,0.0,0.7037037037037037
A1RHBUX8TCACCX,17,35,27,46,46,55,11,0,28,6,15,9,14,22,25,6,0,16,0.35294117647058826,0.42857142857142855,0.3333333333333333,0.30434782608695654,0.4782608695652174,0.45454545454545453,0.5454545454545454,0,0.5714285714285714
A2ALBHYA6M67ZT,33,62,50,70,62,98,14,2,26,9,27,8,18,20,34,6,0,14,0.2727272727272727,0.43548387096774194,0.16,0.2571428571428571,0.3225806451612903,0.3469387755102041,0.42857142857142855,0.0,0.5384615384615384
A35QYDS8MRV1EX,10,21,15,27,15,39,7,0,13,4,12,2,9,6,20,2,0,5,0.4,0.5714285714285714,0.13333333333333333,0.3333333333333333,0.4,0.5128205128205128,0.2857142857142857,0,0.38461538461538464
A3LR5YED234XPN,10,19,13,18,18,28,6,0,12,6,9,8,12,11,24,4,0,8,0.6,0.47368421052631576,0.6153846153846154,0.6666666666666666,0.6111111111111112,0.8571428571428571,0.6666666666666666,0,0.6666666666666666
AHZ7C7ETHYX3N,11,25,18,32,16,35,6,0,9,6,20,14,26,13,30,5,0,7,0.5454545454545454,0.8,0.7777777777777778,0.8125,0.8125,0.8571428571428571,0.8333333333333334,0,0.7777777777777778
A6N190372TE5T,30,67,58,69,55,94,11,0,26,13,35,28,24,13,44,5,0,12,0.43333333333333335,0.5223880597014925,0.4827586206896552,0.34782608695652173,0.23636363636363636,0.46808510638297873,0.45454545454545453,0,0.46153846153846156
AB0ERVDNMMLYS,20,40,31,44,42,61,7,1,19,9,15,12,11,16,40,5,0,10,0.45,0.375,0.3870967741935484,0.25,0.38095238095238093,0.6557377049180327,0.7142857142857143,0.0,0.5263157894736842
A11O504U2EJUGU,20,28,19,49,34,58,9,0,14,9,9,8,17,15,23,4,0,9,0.45,0.32142857142857145,0.42105263157894735,0.3469387755102041,0.4411764705882353,0.39655172413793105,0.4444444444444444,0,0.6428571428571429
a3tqoe015me7tn,18,32,24,41,32,47,13,0,15,4,13,3,12,12,23,3,0,5,0.2222222222222222,0.40625,0.125,0.2926829268292683,0.375,0.48936170212765956,0.23076923076923078,0,0.3333333333333333
A1L2N1X8U8Z3W7,23,37,29,36,32,61,13,0,18,8,16,9,10,9,18,3,0,5,0.34782608695652173,0.43243243243243246,0.3103448275862069,0.2777777777777778,0.28125,0.29508196721311475,0.23076923076923078,0,0.2777777777777778
AFUPQ61YDVIBQ,19,55,27,46,46,63,14,0,16,6,15,3,9,10,12,3,0,5,0.3157894736842105,0.2727272727272727,0.1111111111111111,0.1956521739130435,0.21739130434782608,0.19047619047619047,0.21428571428571427,0,0.3125
A1A7KLOCEERE60,17,52,33,48,41,66,12,0,20,8,26,14,15,15,29,5,0,11,0.47058823529411764,0.5,0.42424242424242425,0.3125,0.36585365853658536,0.4393939393939394,0.4166666666666667,0,0.55
A2QH1BQA6GR48O,18,32,23,40,20,46,9,0,18,5,17,7,13,9,23,4,0,9,0.2777777777777778,0.53125,0.30434782608695654,0.325,0.45,0.5,0.4444444444444444,0,0.5
A3CJE20YDRGCB4,18,32,28,36,28,47,8,0,18,3,6,7,12,8,14,4,0,8,0.16666666666666666,0.1875,0.25,0.3333333333333333,0.2857142857142857,0.2978723404255319,0.5,0,0.4444444444444444
A2SHW0VA0MJ8N0,11,21,19,24,17,31,7,0,12,7,8,10,10,7,25,4,0,6,0.6363636363636364,0.38095238095238093,0.5263157894736842,0.4166666666666667,0.4117647058823529,0.8064516129032258,0.5714285714285714,0,0.5
AIYJ5S5A9OR2I,54,96,74,93,80,138,15,3,32,13,35,16,20,22,49,6,1,15,0.24074074074074073,0.3645833333333333,0.21621621621621623,0.21505376344086022,0.275,0.35507246376811596,0.4,0.3333333333333333,0.46875
A1KX1CMLUCQNFX,29,55,43,63,54,80,13,1,32,23,51,39,54,44,75,12,1,28,0.7931034482758621,0.9272727272727272,0.9069767441860465,0.8571428571428571,0.8148148148148148,0.9375,0.9230769230769231,1.0,0.875
A1DENY90PJEZB7,23,30,23,42,41,54,9,1,21,13,22,15,34,30,50,8,1,17,0.5652173913043478,0.7333333333333333,0.6521739130434783,0.8095238095238095,0.7317073170731707,0.9259259259259259,0.8888888888888888,1.0,0.8095238095238095
A2U8EBN3IPMJ19,34,54,40,54,47,72,13,2,29,11,21,14,16,20,29,3,1,12,0.3235294117647059,0.3888888888888889,0.35,0.2962962962962963,0.425531914893617,0.4027777777777778,0.23076923076923078,0.5,0.41379310344827586
A1LQLIHRB3SCXN,22,28,28,31,28,45,7,2,15,9,15,10,14,15,24,3,1,10,0.4090909090909091,0.5357142857142857,0.35714285714285715,0.45161290322580644,0.5357142857142857,0.5333333333333333,0.42857142857142855,0.5,0.6666666666666666
A1UWI7N32Y2PJ8,34,50,58,50,44,89,14,0,20,9,26,21,12,9,31,3,0,6,0.2647058823529412,0.52,0.3620689655172414,0.24,0.20454545454545456,0.34831460674157305,0.21428571428571427,0,0.3
AJQCFLT9M4RKF,11,21,16,30,21,40,9,0,14,7,8,6,9,11,20,2,0,7,0.6363636363636364,0.38095238095238093,0.375,0.3,0.5238095238095238,0.5,0.2222222222222222,0,0.5
A1YHIQHLLLQIIQ,21,38,28,42,33,49,8,0,21,11,14,13,11,10,29,4,0,10,0.5238095238095238,0.3684210526315789,0.4642857142857143,0.2619047619047619,0.30303030303030304,0.5918367346938775,0.5,0,0.47619047619047616
A33UQADFRXM0N,29,81,57,89,68,149,10,1,26,7,38,21,23,22,49,4,1,11,0.2413793103448276,0.4691358024691358,0.3684210526315789,0.25842696629213485,0.3235294117647059,0.3288590604026846,0.4,1.0,0.4230769230769231
A1CB2A9NEL2D7E,24,44,35,45,40,59,11,1,21,9,19,12,17,11,36,6,1,8,0.375,0.4318181818181818,0.34285714285714286,0.37777777777777777,0.275,0.6101694915254238,0.5454545454545454,1.0,0.38095238095238093
A1HM2VBI4T638R,20,28,22,35,27,44,9,1,15,14,24,19,31,20,41,8,1,10,0.7,0.8571428571428571,0.8636363636363636,0.8857142857142857,0.7407407407407407,0.9318181818181818,0.8888888888888888,1.0,0.6666666666666666
A1V8TY7FNEJI60,43,91,57,76,72,106,15,1,36,15,55,26,28,27,57,8,1,17,0.3488372093023256,0.6043956043956044,0.45614035087719296,0.3684210526315789,0.375,0.5377358490566038,0.5333333333333333,1.0,0.4722222222222222
A8562J49TRH3C,22,52,36,48,39,71,9,1,22,8,27,10,16,19,27,4,1,11,0.36363636363636365,0.5192307692307693,0.2777777777777778,0.3333333333333333,0.48717948717948717,0.38028169014084506,0.4444444444444444,1.0,0.5
AC6P8A8PDBJPD,13,21,16,21,18,27,6,0,9,5,8,6,7,6,12,3,0,4,0.38461538461538464,0.38095238095238093,0.375,0.3333333333333333,0.3333333333333333,0.4444444444444444,0.5,0,0.4444444444444444
A3N30TU7ZTLNB9,11,24,16,25,15,33,7,0,9,5,7,3,5,5,9,2,0,3,0.45454545454545453,0.2916666666666667,0.1875,0.2,0.3333333333333333,0.2727272727272727,0.2857142857142857,0,0.3333333333333333
A2Y05OCB1H60K3,29,55,54,58,51,75,12,2,30,18,40,37,43,35,60,8,1,22,0.6206896551724138,0.7272727272727273,0.6851851851851852,0.7413793103448276,0.6862745098039216,0.8,0.6666666666666666,0.5,0.7333333333333333
A1FP8W05KYYQ04,29,47,39,56,43,79,13,2,27,12,22,15,22,25,39,6,1,13,0.41379310344827586,0.46808510638297873,0.38461538461538464,0.39285714285714285,0.5813953488372093,0.4936708860759494,0.46153846153846156,0.5,0.48148148148148145
AIVSV91CBYI12,29,52,42,55,54,79,16,1,31,9,19,13,19,18,37,8,1,17,0.3103448275862069,0.36538461538461536,0.30952380952380953,0.34545454545454546,0.3333333333333333,0.46835443037974683,0.5,1.0,0.5483870967741935
A37Q40126A4RNA,34,68,52,62,65,88,11,0,33,8,32,8,27,28,43,6,0,16,0.23529411764705882,0.47058823529411764,0.15384615384615385,0.43548387096774194,0.4307692307692308,0.48863636363636365,0.5454545454545454,0,0.48484848484848486
A2JLMFZI6MLMFS,7,16,14,20,13,28,3,0,5,1,6,0,8,5,12,2,0,3,0.14285714285714285,0.375,0.0,0.4,0.38461538461538464,0.42857142857142855,0.6666666666666666,0,0.6
A2ASTDMWBCFIP0,25,60,43,55,50,82,12,0,21,6,24,13,15,14,34,3,0,11,0.24,0.4,0.3023255813953488,0.2727272727272727,0.28,0.4146341463414634,0.25,0,0.5238095238095238
AQAXDL1INQC9Q,13,24,18,28,20,37,8,0,13,3,7,4,7,6,16,5,0,7,0.23076923076923078,0.2916666666666667,0.2222222222222222,0.25,0.3,0.43243243243243246,0.625,0,0.5384615384615384
A2585MULTOM1Z5,32,66,53,66,56,96,17,1,28,11,33,18,27,20,45,7,1,13,0.34375,0.5,0.33962264150943394,0.4090909090909091,0.35714285714285715,0.46875,0.4117647058823529,1.0,0.4642857142857143
A1HOSLU4DG2MDS,26,54,40,54,38,65,14,0,24,7,26,12,14,9,19,4,0,5,0.2692307692307692,0.48148148148148145,0.3,0.25925925925925924,0.23684210526315788,0.2923076923076923,0.2857142857142857,0,0.20833333333333334
A1160COTUR26JZ,25,79,58,69,57,99,11,1,24,8,46,29,31,28,57,6,1,16,0.32,0.5822784810126582,0.5,0.4492753623188406,0.49122807017543857,0.5757575757575758,0.5454545454545454,1.0,0.6666666666666666
A302M81U0HM7RJ,29,52,46,57,50,104,9,2,25,10,28,14,18,18,42,3,0,13,0.3448275862068966,0.5384615384615384,0.30434782608695654,0.3157894736842105,0.36,0.40384615384615385,0.3333333333333333,0.0,0.52
A1KF05U5IO9AFG,17,26,22,31,26,46,7,0,14,3,7,4,10,6,21,3,0,7,0.17647058823529413,0.2692307692307692,0.18181818181818182,0.3225806451612903,0.23076923076923078,0.45652173913043476,0.42857142857142855,0,0.5
AOX8BJNGGNDZH,28,56,36,57,50,83,8,2,26,11,23,18,20,19,48,5,1,16,0.39285714285714285,0.4107142857142857,0.5,0.3508771929824561,0.38,0.5783132530120482,0.625,0.5,0.6153846153846154
A276N5FFOSK2FX,26,42,41,53,41,63,14,1,22,8,15,13,14,16,24,6,1,10,0.3076923076923077,0.35714285714285715,0.3170731707317073,0.2641509433962264,0.3902439024390244,0.38095238095238093,0.42857142857142855,1.0,0.45454545454545453
A17F6MB9SZYV57,35,46,39,54,45,90,13,1,28,13,18,15,20,21,45,6,1,15,0.37142857142857144,0.391304347826087,0.38461538461538464,0.37037037037037035,0.4666666666666667,0.5,0.46153846153846156,1.0,0.5357142857142857
A184EIWAV7P9EH,21,45,30,50,30,73,13,0,16,8,9,8,17,11,33,6,0,8,0.38095238095238093,0.2,0.26666666666666666,0.34,0.36666666666666664,0.4520547945205479,0.46153846153846156,0,0.5
A2UOBJK4K2SB4U,25,42,31,45,40,64,13,1,24,17,33,23,36,32,52,9,1,21,0.68,0.7857142857142857,0.7419354838709677,0.8,0.8,0.8125,0.6923076923076923,1.0,0.875
A6JOC24PSUEEC,19,28,19,33,24,45,6,0,11,5,5,2,9,6,13,2,0,3,0.2631578947368421,0.17857142857142858,0.10526315789473684,0.2727272727272727,0.25,0.28888888888888886,0.3333333333333333,0,0.2727272727272727
A2BRZKFG6WAVER,41,68,59,70,69,98,12,3,30,17,32,28,16,21,48,6,2,15,0.4146341463414634,0.47058823529411764,0.4745762711864407,0.22857142857142856,0.30434782608695654,0.4897959183673469,0.5,0.6666666666666666,0.5
ALZVG5501Y5IX,44,63,58,68,62,107,13,2,31,26,42,34,48,41,83,8,1,21,0.5909090909090909,0.6666666666666666,0.5862068965517241,0.7058823529411765,0.6612903225806451,0.7757009345794392,0.6153846153846154,0.5,0.6774193548387096
A22IIMLQ7K4B3M,34,61,44,68,54,88,15,2,26,10,31,17,27,24,39,3,0,13,0.29411764705882354,0.5081967213114754,0.38636363636363635,0.39705882352941174,0.4444444444444444,0.4431818181818182,0.2,0.0,0.5
AXAY0M3ATGPAR,21,29,25,38,30,41,11,0,18,5,10,5,9,9,12,3,0,6,0.23809523809523808,0.3448275862068966,0.2,0.23684210526315788,0.3,0.2926829268292683,0.2727272727272727,0,0.3333333333333333
AOL04T29G35P4,10,17,14,18,17,35,3,0,8,6,9,4,7,7,15,2,0,3,0.6,0.5294117647058824,0.2857142857142857,0.3888888888888889,0.4117647058823529,0.42857142857142855,0.6666666666666666,0,0.375
AVSLRTQLC2XK4,34,52,42,56,52,74,12,1,25,11,22,11,14,12,28,5,0,10,0.3235294117647059,0.4230769230769231,0.2619047619047619,0.25,0.23076923076923078,0.3783783783783784,0.4166666666666667,0.0,0.4
A2I3FCE7LMITQS,15,27,20,32,25,39,11,0,16,11,22,17,28,19,24,7,0,12,0.7333333333333333,0.8148148148148148,0.85,0.875,0.76,0.6153846153846154,0.6363636363636364,0,0.75
A3S2R1NK6HZ9KP,22,34,30,47,33,57,10,0,17,6,17,9,14,10,32,3,0,7,0.2727272727272727,0.5,0.3,0.2978723404255319,0.30303030303030304,0.5614035087719298,0.3,0,0.4117647058823529
A28H539AZAIDDV,37,84,59,76,64,109,15,2,38,15,40,24,30,21,53,7,1,15,0.40540540540540543,0.47619047619047616,0.4067796610169492,0.39473684210526316,0.328125,0.48623853211009177,0.4666666666666667,0.5,0.39473684210526316
A2SFD01V5SDFTA,28,54,44,51,32,73,11,2,18,7,17,11,10,13,30,4,0,6,0.25,0.3148148148148148,0.25,0.19607843137254902,0.40625,0.410958904109589,0.36363636363636365,0.0,0.3333333333333333
A3A98RH6TI83T8,20,27,28,38,30,52,10,0,17,11,16,15,14,15,33,7,0,9,0.55,0.5925925925925926,0.5357142857142857,0.3684210526315789,0.5,0.6346153846153846,0.7,0,0.5294117647058824
ALH1K6ZAQQMN7,24,31,25,39,36,50,8,1,21,13,25,17,32,28,42,7,1,18,0.5416666666666666,0.8064516129032258,0.68,0.8205128205128205,0.7777777777777778,0.84,0.875,1.0,0.8571428571428571
A1N8TKTLXV92QR,11,23,16,33,20,42,7,1,16,8,17,11,25,16,31,6,1,14,0.7272727272727273,0.7391304347826086,0.6875,0.7575757575757576,0.8,0.7380952380952381,0.8571428571428571,1.0,0.875
A28C4YC9WPNYG2,32,44,37,53,48,64,10,1,29,21,31,30,43,36,56,8,1,21,0.65625,0.7045454545454546,0.8108108108108109,0.8113207547169812,0.75,0.875,0.8,1.0,0.7241379310344828
A3KW8RIWBQ1O7F,15,26,13,32,29,52,8,0,12,7,14,5,12,19,35,5,0,9,0.4666666666666667,0.5384615384615384,0.38461538461538464,0.375,0.6551724137931034,0.6730769230769231,0.625,0,0.75
A2CYF2YSAXGB3G,25,37,28,40,38,57,12,1,23,7,13,9,14,13,27,4,0,10,0.28,0.35135135135135137,0.32142857142857145,0.35,0.34210526315789475,0.47368421052631576,0.3333333333333333,0.0,0.43478260869565216
AJXGDCVHN4V6D,15,42,35,40,25,55,8,0,10,7,24,17,14,9,27,5,0,7,0.4666666666666667,0.5714285714285714,0.4857142857142857,0.35,0.36,0.4909090909090909,0.625,0,0.7
A23LLMPC8OX3DD,28,38,28,39,43,56,11,2,25,18,30,19,34,35,51,10,1,19,0.6428571428571429,0.7894736842105263,0.6785714285714286,0.8717948717948718,0.813953488372093,0.9107142857142857,0.9090909090909091,0.5,0.76
"Luis:
A2YH9MQZQY449I",25,43,39,51,34,70,8,0,21,6,18,9,17,9,27,3,0,10,0.24,0.4186046511627907,0.23076923076923078,0.3333333333333333,0.2647058823529412,0.38571428571428573,0.375,0,0.47619047619047616
A27LCUA35LPVM8,31,61,42,62,49,84,11,2,29,8,18,8,18,13,24,2,0,12,0.25806451612903225,0.29508196721311475,0.19047619047619047,0.2903225806451613,0.2653061224489796,0.2857142857142857,0.18181818181818182,0.0,0.41379310344827586
