TurkerID,randomint,number of apps requested microphone,number of apps requested location,number of apps requested camera,number of apps requested contacts,number of apps requested phone,number of apps requested storage,number of apps requested calendar,number of apps requested sms,number of apps granted microphone,number of apps granted location,number of apps granted camera,number of apps granted contacts,number of apps granted phone,number of apps granted storage,number of apps granted calendar,number of apps granted sms,fraction of apps granted microphone,fraction of apps granted location,fraction of apps granted camera,fraction of apps granted contacts,fraction of apps granted phone,fraction of apps granted storage,fraction of apps granted calendar,fraction of apps granted sensor,fraction of apps granted sms,danger level of microphone,danger level of location,danger level of camera,danger level of contacts,danger level of phone,danger level of storage,danger level of calendar,danger level of sensor,danger level of sms
A2BZY06YRWGEDL,59382,21,45,38,44,30,79,8,13,5,10,11,4,1,24,1,2,0.238095238,0.222222222,0.289473684,0.090909091,0.033333333,0.303797468,0.125,0,0.153846154,5,3,5,4,4,3,3,3,4
A1MURUJBBDJWM6,38470,36,56,43,58,56,75,14,32,20,45,30,44,39,64,10,24,0.555555556,0.803571429,0.697674419,0.75862069,0.696428571,0.853333333,0.714285714,0,0.75,3,3,2,3,3,3,2,3,3
A20MYUKGSXUKM7,39504,22,48,40,47,36,60,8,17,9,18,10,12,8,21,4,5,0.409090909,0.375,0.25,0.255319149,0.222222222,0.35,0.5,0,0.294117647,2,2,2,2,2,2,2,2,2
A3774HPOUKYTX7,21222,30,56,41,55,36,74,14,25,6,22,9,15,9,28,2,9,0.2,0.392857143,0.219512195,0.272727273,0.25,0.378378378,0.142857143,0,0.36,3,4,4,3,4,3,5,4,3
A1N9WMQ23RWU9Q,75998,21,31,26,38,22,61,8,14,15,11,10,12,8,32,4,8,0.714285714,0.35483871,0.384615385,0.315789474,0.363636364,0.524590164,0.5,0,0.571428571,3,3,2,3,2,2,2,2,2
A33S9Z0SQC71A0,98471,19,32,25,39,24,55,7,19,11,21,12,24,16,39,4,11,0.578947368,0.65625,0.48,0.615384615,0.666666667,0.709090909,0.571428571,0,0.578947368,4,4,4,4,4,4,4,4,4
A1DS5O8MSI3ZH0,56168,36,81,55,65,57,93,14,30,9,47,14,23,21,54,6,16,0.25,0.580246914,0.254545455,0.353846154,0.368421053,0.580645161,0.428571429,0,0.533333333,2,3,2,4,4,4,3,4,4
APY5858P6BTDY,58714,18,29,25,37,41,55,8,24,6,10,6,14,14,28,5,12,0.333333333,0.344827586,0.24,0.378378378,0.341463415,0.509090909,0.625,0,0.5,3,4,4,3,4,3,4,4,4
AB7LYMORLR5H0,76054,10,18,10,19,17,26,8,11,5,5,5,7,8,15,3,7,0.5,0.277777778,0.5,0.368421053,0.470588235,0.576923077,0.375,0,0.636363636,3,4,4,4,4,4,4,4,4
A37CO0N1KC1CDW,78681,6,14,12,23,13,28,6,9,4,8,6,13,8,15,2,7,0.666666667,0.571428571,0.5,0.565217391,0.615384615,0.535714286,0.333333333,0,0.777777778,2,4,3,3,4,2,2,4,4
A1USR9JCAMDGM3,56990,28,46,29,39,44,69,12,24,15,19,10,12,18,33,6,15,0.535714286,0.413043478,0.344827586,0.307692308,0.409090909,0.47826087,0.5,0,0.625,4,4,4,4,4,4,4,4,4
A1RDRK3QTM7U96,81290,47,84,76,89,73,115,19,37,28,62,46,64,47,80,12,26,0.595744681,0.738095238,0.605263158,0.719101124,0.643835616,0.695652174,0.631578947,0,0.702702703,3,5,5,4,3,5,5,5,4
AF9NBMEJ385W9,21258,36,70,62,78,67,103,16,33,23,50,40,58,45,86,12,24,0.638888889,0.714285714,0.64516129,0.743589744,0.671641791,0.834951456,0.75,0,0.727272727,2,2,4,4,2,3,3,3,3
AEXF5EUX32U0M,12312,12,24,14,28,22,39,7,15,6,6,5,11,12,23,2,8,0.5,0.25,0.357142857,0.392857143,0.545454545,0.58974359,0.285714286,0,0.533333333,1,1,1,1,1,1,1,1,1
A3VIQ9XPOYB8K6,44542,32,53,45,56,54,82,11,31,14,19,18,16,18,35,5,15,0.4375,0.358490566,0.4,0.285714286,0.333333333,0.426829268,0.454545455,0,0.483870968,5,5,5,3,4,2,3,2,4
A3B7TNVOISSZ2O,90699,22,49,36,52,39,73,13,23,16,42,29,43,31,63,10,20,0.727272727,0.857142857,0.805555556,0.826923077,0.794871795,0.863013699,0.769230769,0,0.869565217,2,4,3,4,4,2,4,2,4
A110KENBXU7SUJ,59438,37,99,70,66,67,107,15,24,7,29,9,11,11,21,3,7,0.189189189,0.292929293,0.128571429,0.166666667,0.164179104,0.196261682,0.2,0,0.291666667,4,3,3,4,4,3,3,3,4
A2JCHN90PRUWDH,33867,25,35,29,42,40,56,13,22,11,10,13,11,12,27,5,10,0.44,0.285714286,0.448275862,0.261904762,0.3,0.482142857,0.384615385,0,0.454545455,2,2,2,2,2,2,2,0,2
A9WIOFVRSYW3L,63086,21,31,30,33,25,50,6,16,11,13,12,12,8,23,4,4,0.523809524,0.419354839,0.4,0.363636364,0.32,0.46,0.666666667,0,0.25,4,2,4,2,4,4,3,3,3
A3QPVH0DRW0ZQV,75256,42,84,60,90,77,117,21,43,28,68,41,60,53,85,12,31,0.666666667,0.80952381,0.683333333,0.666666667,0.688311688,0.726495726,0.571428571,0,0.720930233,4,4,4,4,4,4,4,4,4
A1601UNFFAAQOI,57847,21,35,29,44,29,60,9,20,6,13,7,15,11,28,2,9,0.285714286,0.371428571,0.24137931,0.340909091,0.379310345,0.466666667,0.222222222,0,0.45,3,4,3,4,3,3,3,2,4
A12MV66U9VGLQ1,38993,33,59,46,67,61,89,15,26,10,25,9,18,14,32,4,10,0.303030303,0.423728814,0.195652174,0.268656716,0.229508197,0.359550562,0.266666667,0,0.384615385,3,3,5,5,5,5,5,5,5
A1JO6AY55FG7QU,50102,40,77,57,74,75,118,16,29,15,41,23,23,20,51,7,15,0.375,0.532467532,0.403508772,0.310810811,0.266666667,0.43220339,0.4375,0,0.517241379,1,3,3,3,3,3,1,1,2
A1NSWJKFJIZ06J,90799,25,46,33,48,42,60,10,22,20,40,25,35,29,49,8,17,0.8,0.869565217,0.757575758,0.729166667,0.69047619,0.816666667,0.8,0,0.772727273,4,4,4,4,4,4,4,4,4
A1M682B2WUSYJP,13508,13,21,17,20,21,40,6,10,7,6,7,8,10,20,1,5,0.538461538,0.285714286,0.411764706,0.4,0.476190476,0.5,0.166666667,0,0.5,3,3,3,4,4,4,3,3,3
ADIAEAPYRI8CK,71528,51,105,79,95,78,137,25,35,17,53,32,22,18,59,7,15,0.333333333,0.504761905,0.405063291,0.231578947,0.230769231,0.430656934,0.28,0,0.428571429,1,3,3,3,3,2,3,3,3
A34ZP0QJMB8X45,56132,16,35,33,35,33,49,8,17,9,17,12,11,12,23,5,9,0.5625,0.485714286,0.363636364,0.314285714,0.363636364,0.469387755,0.625,0,0.529411765,3,3,3,4,3,4,3,3,3
A3EAUAU8V3B5S7,90655,19,28,20,33,31,41,8,16,6,9,6,11,11,16,4,9,0.315789474,0.321428571,0.3,0.333333333,0.35483871,0.390243902,0.5,0,0.5625,2,4,4,2,2,4,2,2,2
A2QIZ31TMHU0GD,34832,17,32,21,44,41,50,9,21,7,11,4,17,13,18,3,8,0.411764706,0.34375,0.19047619,0.386363636,0.317073171,0.36,0.333333333,0,0.380952381,3,3,4,4,4,4,3,4,4
AT3C00TKZK13L,30637,9,17,9,19,13,20,7,7,4,9,3,9,6,9,2,4,0.444444444,0.529411765,0.333333333,0.473684211,0.461538462,0.45,0.285714286,0,0.571428571,2,4,5,2,4,4,1,2,4
A4T4577P6JL6R,86341,33,44,38,44,37,84,9,22,13,11,15,16,16,44,5,14,0.393939394,0.25,0.394736842,0.363636364,0.432432432,0.523809524,0.555555556,0,0.636363636,4,5,5,5,4,5,3,5,4
A1F8ONXY28ROAA,39787,14,31,23,39,24,46,14,17,3,17,4,11,7,18,2,6,0.214285714,0.548387097,0.173913043,0.282051282,0.291666667,0.391304348,0.142857143,0,0.352941176,3,3,5,5,5,4,1,3,3
A3U7FRXVDY12RJ,50478,28,53,44,56,45,71,14,29,9,23,18,19,20,34,5,12,0.321428571,0.433962264,0.409090909,0.339285714,0.444444444,0.478873239,0.357142857,0,0.413793103,4,4,3,3,4,2,3,3,4
A1E77HZO63E334,10786,22,66,47,57,48,95,8,18,7,43,15,14,13,42,6,5,0.318181818,0.651515152,0.319148936,0.245614035,0.270833333,0.442105263,0.75,0,0.277777778,2,4,4,2,3,4,2,3,3
A1DIGREVLNOXT3,11447,19,33,33,36,28,51,8,16,3,7,8,10,7,16,4,6,0.157894737,0.212121212,0.242424242,0.277777778,0.25,0.31372549,0.5,0,0.375,4,4,4,4,4,4,4,4,4
A1WTIPXQDJIMUI,43333,15,31,21,32,22,41,9,11,8,16,9,8,8,18,3,5,0.533333333,0.516129032,0.428571429,0.25,0.363636364,0.43902439,0.333333333,0,0.454545455,2,2,2,2,2,2,1,1,1
A3OV174HQJIJK8,22032,17,31,20,38,28,45,11,17,6,11,7,12,9,20,3,8,0.352941176,0.35483871,0.35,0.315789474,0.321428571,0.444444444,0.272727273,0,0.470588235,3,4,2,5,4,3,4,3,4
A3SHLGG66PJXEB,62901,18,40,30,38,29,51,6,14,4,16,5,12,8,19,4,4,0.222222222,0.4,0.166666667,0.315789474,0.275862069,0.37254902,0.666666667,0,0.285714286,4,4,5,5,5,4,3,4,4
A3AN4TL6DFO4D2,98938,38,65,55,70,63,103,11,30,22,44,33,46,39,74,9,20,0.578947368,0.676923077,0.6,0.657142857,0.619047619,0.718446602,0.818181818,0,0.666666667,4,3,2,3,2,3,3,3,4
A21SIPO89DP66I,70447,19,42,35,46,34,61,10,19,9,22,19,17,15,35,5,7,0.473684211,0.523809524,0.542857143,0.369565217,0.441176471,0.573770492,0.5,0,0.368421053,4,5,4,3,5,5,3,3,5
A28LARVABNF9BX,64274,18,37,28,43,38,51,11,18,13,19,17,16,15,31,6,10,0.722222222,0.513513514,0.607142857,0.372093023,0.394736842,0.607843137,0.545454545,0,0.555555556,3,2,4,3,5,3,1,3,1
A3174YB32Y52W2,98663,25,43,34,48,45,55,11,30,10,17,17,19,18,31,5,15,0.4,0.395348837,0.5,0.395833333,0.4,0.563636364,0.454545455,0,0.5,3,4,5,5,5,3,3,3,3
A2BN1CX0PTWBXW,16733,18,31,21,36,31,45,9,22,4,9,5,10,17,15,2,10,0.222222222,0.290322581,0.238095238,0.277777778,0.548387097,0.333333333,0.222222222,0,0.454545455,3,3,2,2,4,2,2,2,3
A3GDUZQGHRXUJI,43543,32,69,54,63,55,90,16,30,11,38,23,21,17,42,6,15,0.34375,0.550724638,0.425925926,0.333333333,0.309090909,0.466666667,0.375,0,0.5,3,3,4,3,3,4,2,4,4
A3SG23IVI6PS0L,32664,17,42,29,42,40,52,10,18,4,16,5,9,12,20,4,8,0.235294118,0.380952381,0.172413793,0.214285714,0.3,0.384615385,0.4,0,0.444444444,2,3,4,2,2,3,1,2,2
A2B227N1NQYS56,30922,15,19,17,22,19,28,6,13,9,8,10,10,8,20,2,7,0.6,0.421052632,0.588235294,0.454545455,0.421052632,0.714285714,0.333333333,0,0.538461538,3,4,4,2,2,2,1,3,2
AZZA3J049G7R5,22488,14,20,18,32,33,40,9,13,8,9,8,14,10,21,3,6,0.571428571,0.45,0.444444444,0.4375,0.303030303,0.525,0.333333333,0,0.461538462,2,4,5,2,5,2,5,5,5
AAQREZOK13OV7,90728,13,30,18,34,22,43,6,19,5,12,3,13,11,10,3,12,0.384615385,0.4,0.166666667,0.382352941,0.5,0.23255814,0.5,0,0.631578947,2,4,2,5,5,2,1,2,4
A2BP8SSKYDZZ64,38371,32,63,57,68,53,92,13,28,17,37,24,22,19,47,7,15,0.53125,0.587301587,0.421052632,0.323529412,0.358490566,0.510869565,0.538461538,0,0.535714286,2,5,2,2,4,4,2,4,4
A3S5ZB4D98JWT1,96540,28,59,41,60,57,75,13,26,9,14,9,14,15,23,5,10,0.321428571,0.237288136,0.219512195,0.233333333,0.263157895,0.306666667,0.384615385,0,0.384615385,3,4,4,4,3,4,2,2,2
A2SE5QBXBBDL3N,56980,35,65,49,67,67,108,14,34,10,28,16,19,15,50,5,11,0.285714286,0.430769231,0.326530612,0.28358209,0.223880597,0.462962963,0.357142857,0,0.323529412,4,3,2,4,3,2,3,4,2
A1378TVZLWPT2Z,92984,23,47,34,47,44,60,10,28,9,18,14,18,19,28,6,16,0.391304348,0.382978723,0.411764706,0.382978723,0.431818182,0.466666667,0.6,0,0.571428571,2,5,5,5,5,2,2,2,2
A14WLAP6TCEKO0,94095,20,30,26,40,26,54,10,12,6,10,2,14,14,22,8,8,0.3,0.333333333,0.076923077,0.35,0.538461538,0.407407407,0.8,0,0.666666667,1,4,3,1,4,5,3,3,1
A3586AZAAHFYBX,10624,23,48,31,51,45,61,9,26,9,14,16,16,16,33,5,14,0.391304348,0.291666667,0.516129032,0.31372549,0.355555556,0.540983607,0.555555556,0,0.538461538,4,4,3,3,3,2,1,2,2
A3LL096CAY5WHB,36743,20,36,31,41,35,67,8,19,9,12,13,14,15,40,3,8,0.45,0.333333333,0.419354839,0.341463415,0.428571429,0.597014925,0.375,0,0.421052632,4,4,4,4,4,4,4,4,4
A1RN7D103KUVQ1,76461,30,66,50,68,70,96,14,29,11,27,14,21,18,40,5,13,0.366666667,0.409090909,0.28,0.308823529,0.257142857,0.416666667,0.357142857,0,0.448275862,3,3,3,3,3,3,3,3,3
AAGP5VATPK8N2,90890,36,65,57,74,55,93,12,28,10,17,13,12,15,28,4,11,0.277777778,0.261538462,0.228070175,0.162162162,0.272727273,0.301075269,0.333333333,0,0.392857143,2,2,3,2,2,3,1,2,2
A2RH621WK2VZJ0,62521,32,58,48,59,51,83,14,27,8,16,7,13,13,21,6,10,0.25,0.275862069,0.145833333,0.220338983,0.254901961,0.253012048,0.428571429,0,0.37037037,3,3,3,3,3,3,3,3,3
A141N2XGQXKPME,48359,19,38,26,44,35,45,10,24,7,11,9,16,15,18,3,14,0.368421053,0.289473684,0.346153846,0.363636364,0.428571429,0.4,0.3,0,0.583333333,4,2,5,4,3,4,5,3,4
A2W55J9T0JDP2O,36848,63,104,91,107,96,177,17,47,16,27,25,18,18,36,5,10,0.253968254,0.259615385,0.274725275,0.168224299,0.1875,0.203389831,0.294117647,0,0.212765957,5,5,5,5,5,5,5,5,5
A1CYSGVB90E67S,88829,36,62,57,66,56,99,12,34,13,28,25,22,21,57,6,18,0.361111111,0.451612903,0.438596491,0.333333333,0.375,0.575757576,0.5,0,0.529411765,5,4,3,4,4,3,3,2,3
A3OSOGJTD4XD9U,98405,31,51,39,56,48,75,10,26,14,18,15,21,21,41,5,14,0.451612903,0.352941176,0.384615385,0.375,0.4375,0.546666667,0.5,0,0.538461538,4,5,4,4,4,5,4,3,5
A2LAWUYEMWODHH,35983,41,61,50,65,61,85,13,31,19,36,34,47,32,55,6,21,0.463414634,0.590163934,0.68,0.723076923,0.524590164,0.647058824,0.461538462,0,0.677419355,3,4,3,3,4,3,3,3,3
A3L2UB07EZJAMD,86140,19,38,21,41,30,53,7,23,13,32,14,36,27,44,6,20,0.684210526,0.842105263,0.666666667,0.87804878,0.9,0.830188679,0.857142857,0,0.869565217,2,2,2,4,2,2,2,2,2
A5YVMQWA2IYPF,52227,20,36,27,37,31,43,9,17,5,12,4,10,8,13,2,6,0.25,0.333333333,0.148148148,0.27027027,0.258064516,0.302325581,0.222222222,0,0.352941176,1,1,1,3,3,4,2,4,4
A3VHDQR8A9JJ4F,90787,15,32,20,30,28,37,9,14,7,14,4,11,9,13,2,4,0.466666667,0.4375,0.2,0.366666667,0.321428571,0.351351351,0.222222222,0,0.285714286,4,5,4,2,3,3,2,3,3
A3SMP47XOFZHSW,26552,21,34,24,39,30,51,8,16,17,30,22,33,25,46,8,13,0.80952381,0.882352941,0.916666667,0.846153846,0.833333333,0.901960784,1,0,0.8125,2,2,4,4,4,4,2,4,4
A1POXSCJ9XAV74,46901,34,77,55,79,58,114,13,29,8,20,13,16,16,34,6,16,0.235294118,0.25974026,0.236363636,0.202531646,0.275862069,0.298245614,0.461538462,0,0.551724138,4,5,5,5,4,5,4,5,5
A1RDQFNF6LD25Z,84932,16,29,23,33,23,39,10,13,7,13,10,13,11,20,5,7,0.4375,0.448275862,0.434782609,0.393939394,0.47826087,0.512820513,0.5,0,0.538461538,3,3,3,3,3,3,3,3,3
A133QG754CGS3I,45846,24,35,31,46,32,58,13,15,16,21,21,34,20,48,11,7,0.666666667,0.6,0.677419355,0.739130435,0.625,0.827586207,0.846153846,0,0.466666667,4,5,5,5,5,5,3,3,5
A3ANNQ73J8M158,92776,27,39,39,48,31,63,9,16,8,8,11,10,7,22,3,5,0.296296296,0.205128205,0.282051282,0.208333333,0.225806452,0.349206349,0.333333333,0,0.3125,4,3,1,3,2,3,2,2,1
A1W7QLLENVP2AE,14068,33,54,36,53,45,81,14,24,25,49,25,44,36,66,12,20,0.757575758,0.907407407,0.694444444,0.830188679,0.8,0.814814815,0.857142857,0,0.833333333,3,4,2,2,3,3,3,3,3
A1TTFE7OTLIJW8,83419,19,38,32,43,26,59,8,17,6,22,11,16,9,30,4,8,0.315789474,0.578947368,0.34375,0.372093023,0.346153846,0.508474576,0.5,0,0.470588235,2,3,3,4,3,4,4,3,4
A2HHKBW8HQWI66,69196,23,34,30,36,27,48,9,18,6,13,6,13,9,13,4,5,0.260869565,0.382352941,0.2,0.361111111,0.333333333,0.270833333,0.444444444,0,0.277777778,4,4,4,5,5,2,2,2,5
A1TARNH07A75CG,50359,9,18,9,23,18,33,6,13,4,6,1,9,10,12,2,7,0.444444444,0.333333333,0.111111111,0.391304348,0.555555556,0.363636364,0.333333333,0,0.538461538,3,3,5,3,3,3,1,3,3
A3DFJV1RD653DQ,19339,28,50,41,61,48,79,16,28,15,23,18,24,20,48,8,11,0.535714286,0.46,0.43902439,0.393442623,0.416666667,0.607594937,0.5,0,0.392857143,4,3,4,4,4,3,2,2,4
A2YP60DM1HYTH8,32790,21,36,30,38,33,48,10,19,9,15,11,11,11,23,6,9,0.428571429,0.416666667,0.366666667,0.289473684,0.333333333,0.479166667,0.6,0,0.473684211,4,5,5,0,4,5,5,3,3
A2M6URTK6WO6XJ,44520,18,27,23,35,30,49,7,14,7,6,6,12,8,21,4,7,0.388888889,0.222222222,0.260869565,0.342857143,0.266666667,0.428571429,0.571428571,0,0.5,3,4,3,4,0,3,4,5,4
AVQGY7FCU80XP,99022,17,36,26,40,31,58,7,15,4,11,4,14,10,17,3,7,0.235294118,0.305555556,0.153846154,0.35,0.322580645,0.293103448,0.428571429,0,0.466666667,4,4,5,4,5,5,4,5,4
A10299EPNHZ504,35955,20,32,20,31,32,43,10,19,6,13,5,9,12,18,3,7,0.3,0.40625,0.25,0.290322581,0.375,0.418604651,0.3,0,0.368421053,2,3,3,2,3,3,2,3,3
A22X2R4KD7YCOC,29927,51,75,62,92,84,179,19,37,27,46,41,59,49,107,12,23,0.529411765,0.613333333,0.661290323,0.641304348,0.583333333,0.597765363,0.631578947,0,0.621621622,3,4,5,4,4,3,3,2,5
A1G2U62KJ13ZF0,59401,18,25,24,33,27,39,8,16,7,10,7,10,10,22,4,8,0.388888889,0.4,0.291666667,0.303030303,0.37037037,0.564102564,0.5,0,0.5,3,3,3,3,3,3,3,3,3
A2P76QVLSGJR45,89436,20,34,27,36,25,41,10,17,8,16,10,12,9,19,5,8,0.4,0.470588235,0.37037037,0.333333333,0.36,0.463414634,0.5,0,0.470588235,4,4,4,4,4,4,4,4,4
A2INXY39KBM92F,49584,17,25,24,34,22,37,9,11,8,22,17,22,15,25,6,7,0.470588235,0.88,0.708333333,0.647058824,0.681818182,0.675675676,0.666666667,0,0.636363636,4,4,5,4,5,5,3,3,5
A1IBVWKNX3OKK7,23672,10,22,15,24,22,31,6,10,8,10,7,10,10,19,5,8,0.8,0.454545455,0.466666667,0.416666667,0.454545455,0.612903226,0.833333333,0,0.8,2,4,4,4,0,4,4,2,4
A1DF95UHU5JH4Q,12966,16,38,21,40,32,48,10,18,7,16,6,10,10,16,3,8,0.4375,0.421052632,0.285714286,0.25,0.3125,0.333333333,0.3,0,0.444444444,4,4,5,5,4,4,5,4,5
A1SIUJEL2LS8UO,52362,26,36,36,48,44,57,15,26,9,21,13,17,16,30,5,14,0.346153846,0.583333333,0.361111111,0.354166667,0.363636364,0.526315789,0.333333333,0,0.538461538,5,4,2,4,2,5,3,2,5
A21KGSK2BDVWOA,76477,21,38,27,42,39,53,11,23,9,21,13,18,15,31,5,14,0.428571429,0.552631579,0.481481481,0.428571429,0.384615385,0.58490566,0.454545455,0,0.608695652,3,5,5,5,0,5,5,5,5
A1Z2PN56VHHKNM,46283,22,37,31,40,38,56,10,20,9,16,10,15,14,20,4,10,0.409090909,0.432432432,0.322580645,0.375,0.368421053,0.357142857,0.4,0,0.5,4,4,5,3,5,3,3,2,4
A1E235KE3CSO7H,64853,42,75,56,71,64,107,15,28,16,26,23,16,19,50,7,12,0.380952381,0.346666667,0.410714286,0.225352113,0.296875,0.46728972,0.466666667,0,0.428571429,3,3,3,3,3,3,3,3,3
A1S9EY8YUIGDYV,30193,50,58,51,74,56,124,12,29,16,31,25,33,23,70,6,15,0.32,0.534482759,0.490196078,0.445945946,0.410714286,0.564516129,0.5,0,0.517241379,3,4,4,3,3,2,3,3,3
A2COAUZ1TISD2Q,33310,31,52,38,56,54,71,13,23,10,18,11,16,13,25,6,10,0.322580645,0.346153846,0.289473684,0.285714286,0.240740741,0.352112676,0.461538462,0,0.434782609,5,5,5,5,5,1,1,1,1
A2m6tjir21bn2w,36850,22,39,28,43,43,51,10,21,8,14,7,15,13,26,4,10,0.363636364,0.358974359,0.25,0.348837209,0.302325581,0.509803922,0.4,0,0.476190476,4,3,4,2,2,4,1,3,4
AAEZQL4J6CQGM,95330,17,33,20,35,26,45,8,18,5,15,7,13,11,25,3,8,0.294117647,0.454545455,0.35,0.371428571,0.423076923,0.555555556,0.375,0,0.444444444,4,4,4,4,4,4,4,4,4
A1ZM4MGF3PDJ0M,23172,31,55,42,61,63,83,12,26,18,38,28,42,35,57,9,19,0.580645161,0.690909091,0.666666667,0.68852459,0.555555556,0.686746988,0.75,0,0.730769231,5,5,5,5,5,5,1,5,5
A1XUZFDVKP95VC,47486,27,50,44,52,46,71,13,26,15,28,23,18,17,46,6,11,0.555555556,0.56,0.522727273,0.346153846,0.369565217,0.647887324,0.461538462,0,0.423076923,3,3,3,3,3,3,3,3,3
A1J6Z70T78B35V,98648,15,23,21,27,24,39,10,14,7,14,13,13,12,29,6,7,0.466666667,0.608695652,0.619047619,0.481481481,0.5,0.743589744,0.6,0,0.5,3,5,4,2,4,4,2,4,4
A1KTPYX40PRLVW,11896,25,64,45,71,44,85,16,17,6,32,8,14,11,30,4,5,0.24,0.5,0.177777778,0.197183099,0.25,0.352941176,0.25,0,0.294117647,1,1,5,4,5,5,1,3,5
A2XSAZ0Y6HPDQA,10594,25,52,42,54,49,73,12,26,12,22,14,17,25,40,5,15,0.48,0.423076923,0.333333333,0.314814815,0.510204082,0.547945205,0.416666667,0,0.576923077,4,4,2,1,1,4,4,1,1
A12BTFPKFKKD2I,15925,36,80,64,78,63,104,18,38,11,41,20,30,19,48,8,15,0.305555556,0.5125,0.3125,0.384615385,0.301587302,0.461538462,0.444444444,0,0.394736842,2,3,4,3,2,2,1,2,3
A1PUHCEBSOWETV,29081,23,33,31,43,35,60,9,17,11,28,22,34,22,44,5,13,0.47826087,0.848484848,0.709677419,0.790697674,0.628571429,0.733333333,0.555555556,0,0.764705882,3,5,3,0,3,2,3,3,2
A1WOCD9SAYI07V,96908,20,37,35,46,30,57,9,17,8,14,12,14,7,30,3,4,0.4,0.378378378,0.342857143,0.304347826,0.233333333,0.526315789,0.333333333,0,0.235294118,3,4,2,3,4,2,1,1,3
A3RVHUY67SVXQV,25293,23,32,26,31,31,51,8,17,9,14,9,14,15,26,5,14,0.391304348,0.4375,0.346153846,0.451612903,0.483870968,0.509803922,0.625,0,0.823529412,3,3,2,4,4,3,2,3,5
A1YTHGG0S2IJWZ,10549,17,39,26,50,34,61,9,19,4,15,5,10,8,18,2,8,0.235294118,0.384615385,0.192307692,0.2,0.235294118,0.295081967,0.222222222,0,0.421052632,1,1,1,3,3,3,3,1,1
A2REJHHCX9OHFI,51229,36,81,67,78,63,101,14,31,14,34,24,20,16,32,6,13,0.388888889,0.419753086,0.358208955,0.256410256,0.253968254,0.316831683,0.428571429,0,0.419354839,3,4,5,2,3,5,2,1,1
A10VYQMVSHNFCV,63420,18,32,27,38,22,52,8,12,11,27,19,33,15,42,6,8,0.611111111,0.84375,0.703703704,0.868421053,0.681818182,0.807692308,0.75,0,0.666666667,3,4,4,4,3,3,4,4,4
A1RVMADIZE3BXK,22183,20,28,24,41,26,59,9,16,9,18,13,19,9,36,2,5,0.45,0.642857143,0.541666667,0.463414634,0.346153846,0.610169492,0.222222222,0,0.3125,2,4,2,4,2,2,2,2,2
A2ECXGDFC0NJEL,19794,30,64,40,55,56,78,14,25,11,25,12,16,14,35,6,11,0.366666667,0.390625,0.3,0.290909091,0.25,0.448717949,0.428571429,0,0.44,4,4,4,3,3,4,3,3,3
A1IMXNDHFHG2IE,14122,18,30,21,33,23,46,7,19,12,23,11,25,16,31,6,14,0.666666667,0.766666667,0.523809524,0.757575758,0.695652174,0.673913043,0.857142857,0,0.736842105,4,4,4,4,4,4,4,4,4
A1AGPPFSUSJSZN,42216,26,36,31,47,40,55,10,25,9,16,15,15,15,33,6,14,0.346153846,0.444444444,0.483870968,0.319148936,0.375,0.6,0.6,0,0.56,3,4,5,3,4,3,2,5,4
a3orzpmvivngjs,76754,12,27,22,32,27,42,8,15,5,13,9,13,10,27,4,9,0.416666667,0.481481481,0.409090909,0.40625,0.37037037,0.642857143,0.5,0,0.6,3,3,4,4,4,3,3,3,4
A1RCP3YTL0TE7W,39544,26,43,31,47,42,61,12,23,11,15,11,15,14,29,5,11,0.423076923,0.348837209,0.35483871,0.319148936,0.333333333,0.475409836,0.416666667,0,0.47826087,3,3,3,3,3,3,3,3,3
A285E5FTA8GGID,33691,37,46,42,59,52,83,12,33,14,17,16,19,20,45,5,16,0.378378378,0.369565217,0.380952381,0.322033898,0.384615385,0.542168675,0.416666667,0,0.484848485,4,4,4,4,4,4,4,4,4
AZJKB1D4AFMQY,85157,24,52,38,54,46,72,11,23,10,23,16,15,16,31,5,11,0.416666667,0.442307692,0.421052632,0.277777778,0.347826087,0.430555556,0.454545455,0,0.47826087,4,5,5,5,4,5,1,5,5
A3TBOHEHKXYV6C,92673,22,36,30,37,35,51,9,18,13,26,18,26,19,40,6,12,0.590909091,0.722222222,0.6,0.702702703,0.542857143,0.784313725,0.666666667,0,0.666666667,3,3,3,3,4,4,3,3,3
A2DZ90CLYIB2BA,54323,12,19,15,25,16,28,8,11,6,7,5,8,6,11,3,5,0.5,0.368421053,0.333333333,0.32,0.375,0.392857143,0.375,0,0.454545455,5,5,5,5,5,5,5,5,5
A22EDUBB602EJD,91008,18,38,29,42,22,50,11,14,4,17,4,8,7,18,3,4,0.222222222,0.447368421,0.137931034,0.19047619,0.318181818,0.36,0.272727273,0,0.285714286,4,3,3,4,4,2,2,3,3
A24U7XTFENX96C,14500,25,58,46,48,47,69,9,26,9,27,19,13,14,26,5,13,0.36,0.465517241,0.413043478,0.270833333,0.29787234,0.376811594,0.555555556,0,0.5,3,3,3,4,3,4,3,3,3
A7BEUXS3FTZTH,31242,19,27,20,35,25,42,10,15,8,11,7,10,11,21,3,6,0.421052632,0.407407407,0.35,0.285714286,0.44,0.5,0.3,0,0.4,2,5,5,5,5,5,5,5,5
A2V98P6N59LY9M,78565,32,61,44,66,51,84,14,32,8,14,5,13,16,16,4,11,0.25,0.229508197,0.113636364,0.196969697,0.31372549,0.19047619,0.285714286,0,0.34375,3,3,3,3,3,3,3,3,3
AZX36TLZ8IFSP,33410,25,54,48,59,40,71,10,23,7,29,20,17,10,34,3,8,0.28,0.537037037,0.416666667,0.288135593,0.25,0.478873239,0.3,0,0.347826087,3,4,4,4,3,4,3,4,4
A3UPZ88FI1EJC,16976,17,35,30,41,26,53,9,15,11,29,24,32,20,45,8,10,0.647058824,0.828571429,0.8,0.780487805,0.769230769,0.849056604,0.888888889,0,0.666666667,2,4,3,4,4,2,4,4,4
A2BNOEYZ3VRW2R,23706,14,18,15,20,20,30,7,10,9,7,7,7,8,20,4,7,0.642857143,0.388888889,0.466666667,0.35,0.4,0.666666667,0.571428571,0,0.7,3,3,3,3,3,3,3,3,3
A39GADIK8RLMVC,14361,21,39,24,37,34,59,13,22,11,20,11,18,17,35,8,15,0.523809524,0.512820513,0.458333333,0.486486486,0.5,0.593220339,0.615384615,0,0.681818182,2,1,1,2,2,2,2,1,2
A4W9APAHFWVLO,24987,27,43,33,45,44,61,12,29,10,14,11,17,14,23,6,14,0.37037037,0.325581395,0.333333333,0.377777778,0.318181818,0.37704918,0.5,0,0.482758621,2,2,4,4,4,5,5,5,5
A1MSLM87Z8CLTK,87000,22,54,33,50,41,80,10,20,5,26,13,17,14,28,6,10,0.227272727,0.481481481,0.393939394,0.34,0.341463415,0.35,0.6,0,0.5,2,4,2,3,3,4,3,3,4
A2NGMLBFZ3YQP5,70644,42,102,86,104,82,135,17,41,13,38,31,32,24,51,7,21,0.30952381,0.37254902,0.360465116,0.307692308,0.292682927,0.377777778,0.411764706,0,0.512195122,4,4,2,4,4,4,2,0,3
A1XFAUNS2LQL9H,61638,20,31,27,35,26,45,9,19,13,25,21,26,21,38,8,14,0.65,0.806451613,0.777777778,0.742857143,0.807692308,0.844444444,0.888888889,0,0.736842105,4,4,3,5,3,4,3,2,4
A3G5IPGLH1IIZN,96557,28,58,43,67,43,86,8,19,6,15,9,15,6,24,3,6,0.214285714,0.25862069,0.209302326,0.223880597,0.139534884,0.279069767,0.375,0,0.315789474,5,5,5,5,5,5,3,4,5
A1ICZ6VHY7Y2OY,12386,29,55,43,63,54,80,13,32,23,51,39,54,44,75,12,28,0.793103448,0.927272727,0.906976744,0.857142857,0.814814815,0.9375,0.923076923,0,0.875,5,5,5,5,5,5,5,5,5
A3NUYAG56BPYBB,84685,11,20,11,24,15,34,6,10,5,10,2,12,9,17,2,7,0.454545455,0.5,0.181818182,0.5,0.6,0.5,0.333333333,0,0.7,4,3,4,3,4,4,4,3,3
A3MPHGI584PR1U,18884,31,52,38,51,49,72,15,29,11,16,13,17,18,33,7,15,0.35483871,0.307692308,0.342105263,0.333333333,0.367346939,0.458333333,0.466666667,0,0.517241379,3,3,3,3,3,3,3,3,3
A1MJFW27HXR76D,74101,24,36,31,47,35,60,11,22,18,31,22,35,28,52,8,15,0.75,0.861111111,0.709677419,0.744680851,0.8,0.866666667,0.727272727,0,0.681818182,3,4,3,4,4,3,2,3,4
A30GPAEVFFIAIW,66928,31,49,43,51,46,71,15,28,13,24,22,21,18,45,5,16,0.419354839,0.489795918,0.511627907,0.411764706,0.391304348,0.633802817,0.333333333,0,0.571428571,3,5,5,5,5,3,4,3,5
A2RVEG53L48BAE,68639,15,28,17,26,25,34,8,12,0,4,1,6,7,14,3,2,0,0.142857143,0.058823529,0.230769231,0.28,0.411764706,0.375,0,0.166666667,4,4,5,5,5,5,5,3,5
A171WYV1TRESW8,27680,15,29,22,33,29,41,8,16,5,8,8,10,10,18,5,9,0.333333333,0.275862069,0.363636364,0.303030303,0.344827586,0.43902439,0.625,0,0.5625,5,5,5,5,5,5,5,5,5
A15RSC70TW7ZKW,69738,29,38,41,49,44,72,11,25,6,15,8,11,15,29,6,12,0.206896552,0.394736842,0.195121951,0.224489796,0.340909091,0.402777778,0.545454545,0,0.48,2,2,3,2,2,2,2,2,2
A34I7PV0UHRMKS,94397,27,55,42,58,47,81,15,29,6,13,12,15,15,20,5,13,0.222222222,0.236363636,0.285714286,0.25862069,0.319148936,0.24691358,0.333333333,0,0.448275862,2,4,4,4,2,4,2,2,2
A3C49ON1P4KF40,83527,22,53,37,52,41,74,12,21,7,26,13,15,12,26,2,8,0.318181818,0.490566038,0.351351351,0.288461538,0.292682927,0.351351351,0.166666667,0,0.380952381,3,4,5,3,4,4,3,3,4
A2798F0ZHDDZ78,73931,31,88,56,75,72,109,22,34,8,54,20,28,22,47,4,15,0.258064516,0.613636364,0.357142857,0.373333333,0.305555556,0.431192661,0.181818182,0,0.441176471,4,3,3,2,3,4,4,2,3
ALM8YFO0272UR,86777,25,46,39,50,37,62,13,25,19,42,30,42,34,57,9,21,0.76,0.913043478,0.769230769,0.84,0.918918919,0.919354839,0.692307692,0,0.84,3,3,5,2,4,4,2,3,4
AMYRVTU53MLYO,66914,18,35,32,39,32,53,9,19,8,14,14,13,15,33,5,9,0.444444444,0.4,0.4375,0.333333333,0.46875,0.622641509,0.555555556,0,0.473684211,2,1,2,2,2,4,1,1,4
A5T9IFDZ3W4T6,37706,20,39,28,38,34,52,10,19,7,17,10,11,10,20,4,9,0.35,0.435897436,0.357142857,0.289473684,0.294117647,0.384615385,0.4,0,0.473684211,3,4,2,4,4,5,3,5,4
A2VR9O234UCT9T,27081,24,43,38,45,38,66,10,21,8,20,15,12,16,28,5,8,0.333333333,0.465116279,0.394736842,0.266666667,0.421052632,0.424242424,0.5,0,0.380952381,3,3,4,4,3,3,2,3,3
A2QQFGD7K7AHK8,15759,15,23,20,28,19,32,9,12,5,4,4,9,7,14,4,5,0.333333333,0.173913043,0.2,0.321428571,0.368421053,0.4375,0.444444444,0,0.416666667,5,5,5,3,5,4,3,3,5
A3NYQPXI8I57R1,82530,15,26,17,32,23,42,9,17,6,11,5,16,12,25,3,12,0.4,0.423076923,0.294117647,0.5,0.52173913,0.595238095,0.333333333,0,0.705882353,4,4,4,4,4,4,4,4,4
A2KVYRNL2CK95F,65340,16,24,24,34,36,50,8,18,4,6,9,12,22,28,3,10,0.25,0.25,0.375,0.352941176,0.611111111,0.56,0.375,0,0.555555556,3,4,3,3,3,2,3,3,3
A2TH9DIRISH8FE,25227,32,43,37,45,34,80,8,18,12,19,11,13,12,41,3,8,0.375,0.441860465,0.297297297,0.288888889,0.352941176,0.5125,0.375,0,0.444444444,1,1,1,1,1,1,1,1,1
AA8MK8AWWWL62,72568,34,83,66,84,70,118,18,39,9,35,20,20,20,51,7,17,0.264705882,0.421686747,0.303030303,0.238095238,0.285714286,0.43220339,0.388888889,0,0.435897436,4,4,4,3,4,4,3,4,4
A1PP6DN7HB6Q9P,87973,19,32,27,39,30,54,11,16,8,12,6,14,12,26,5,9,0.421052632,0.375,0.222222222,0.358974359,0.4,0.481481481,0.454545455,0,0.5625,1,2,5,5,4,1,1,3,5
A27TKWMGFUCDMY,29674,20,35,22,39,29,52,8,22,6,13,5,15,13,26,3,12,0.3,0.371428571,0.227272727,0.384615385,0.448275862,0.5,0.375,0,0.545454545,2,2,2,2,2,2,2,2,2
AICK0VN8QOZT2,37488,33,57,45,57,50,82,10,25,15,23,17,11,15,44,5,10,0.454545455,0.403508772,0.377777778,0.192982456,0.3,0.536585366,0.5,0,0.4,5,4,3,2,3,4,3,3,3
A33YV3NK3GWR8V,12311,25,41,35,50,38,61,13,22,9,19,13,18,13,30,7,10,0.36,0.463414634,0.371428571,0.36,0.342105263,0.491803279,0.538461538,0,0.454545455,3,4,4,4,4,4,4,4,4
AQDJLDXG1PAF3,69936,20,41,31,42,30,63,11,18,8,16,9,13,11,20,4,9,0.4,0.390243902,0.290322581,0.30952381,0.366666667,0.317460317,0.363636364,0,0.5,4,5,4,4,5,5,3,4,5
A2NCNAIYI022X9,17852,16,29,24,29,28,42,8,15,11,21,16,23,17,33,8,10,0.6875,0.724137931,0.666666667,0.793103448,0.607142857,0.785714286,1,0,0.666666667,3,3,3,2,2,4,2,2,3
AIX6PAGON01EE,41402,47,74,64,79,69,129,15,32,13,32,22,24,19,56,5,13,0.276595745,0.432432432,0.34375,0.303797468,0.275362319,0.434108527,0.333333333,0,0.40625,3,5,4,5,2,3,2,2,3
AKP3UXJ0TDPVO,74978,11,22,15,24,23,27,9,12,5,11,4,13,10,12,4,4,0.454545455,0.5,0.266666667,0.541666667,0.434782609,0.444444444,0.444444444,0,0.333333333,2,2,4,4,4,4,4,4,4
A2LV5432PV1S39,98138,20,45,33,46,42,62,11,20,14,35,25,38,28,53,10,14,0.7,0.777777778,0.757575758,0.826086957,0.666666667,0.85483871,0.909090909,0,0.7,5,5,5,5,5,5,5,5,5
A112LUS6RHBNYB,71890,25,44,33,42,26,69,10,15,11,27,14,13,10,33,4,9,0.44,0.613636364,0.424242424,0.30952381,0.384615385,0.47826087,0.4,0,0.6,5,4,4,4,4,5,5,0,2
A2KBDMSS91OUPE,55070,49,101,73,87,85,135,18,41,14,41,26,23,20,46,5,17,0.285714286,0.405940594,0.356164384,0.264367816,0.235294118,0.340740741,0.277777778,0,0.414634146,2,4,2,4,2,2,2,2,2
A02V2W10EPTMQ,37803,13,19,14,27,20,28,6,10,3,8,5,10,7,15,2,4,0.230769231,0.421052632,0.357142857,0.37037037,0.35,0.535714286,0.333333333,0,0.4,4,4,4,4,4,4,4,4,4
A12C01LD8TO3Y8,41188,21,35,23,37,33,45,13,18,8,18,6,15,14,20,5,10,0.380952381,0.514285714,0.260869565,0.405405405,0.424242424,0.444444444,0.384615385,0,0.555555556,3,3,3,3,3,3,3,3,3
AFDYZFJVIAUJ,79771,26,40,32,43,28,48,9,15,10,17,7,11,8,13,3,5,0.384615385,0.425,0.21875,0.255813953,0.285714286,0.270833333,0.333333333,0,0.333333333,3,5,4,5,5,5,4,4,5
A37N5X89RE99B0,37720,26,42,31,48,44,60,13,30,9,19,8,18,17,28,6,16,0.346153846,0.452380952,0.258064516,0.375,0.386363636,0.466666667,0.461538462,0,0.533333333,3,4,2,4,4,4,4,2,3
A2UTHR7YGLN9DC,71328,28,36,35,44,41,54,12,23,8,19,15,12,15,32,5,9,0.285714286,0.527777778,0.428571429,0.272727273,0.365853659,0.592592593,0.416666667,0,0.391304348,3,3,3,3,3,4,3,3,3
AZ2DZLLMYQF1P,58982,19,32,28,35,30,48,8,17,8,13,10,8,9,21,2,4,0.421052632,0.40625,0.357142857,0.228571429,0.3,0.4375,0.25,0,0.235294118,2,5,5,4,5,2,2,5,3
A2539PUSDD137T,72489,28,48,39,43,37,71,14,19,7,20,9,12,9,29,4,6,0.25,0.416666667,0.230769231,0.279069767,0.243243243,0.408450704,0.285714286,0,0.315789474,3,3,4,4,4,3,1,3,3
A3E73BVSABJ7LM,44333,8,21,13,22,18,35,6,9,4,3,6,7,7,16,3,7,0.5,0.142857143,0.461538462,0.318181818,0.388888889,0.457142857,0.5,0,0.777777778,4,5,5,4,4,4,4,4,5
A1HKB73TUJ5Z42,37553,11,23,15,24,18,29,6,9,3,9,4,11,8,11,3,5,0.272727273,0.391304348,0.266666667,0.458333333,0.444444444,0.379310345,0.5,0,0.555555556,3,4,4,3,4,4,3,4,4
A20WI3VW3CBOWN,84117,28,63,50,57,47,73,11,31,12,21,20,18,14,28,5,12,0.428571429,0.333333333,0.4,0.315789474,0.29787234,0.383561644,0.454545455,0,0.387096774,2,4,3,4,3,3,3,2,3
A3JXAURWDF54DG,89691,35,51,50,62,53,82,14,28,16,28,20,20,18,34,5,10,0.457142857,0.549019608,0.4,0.322580645,0.339622642,0.414634146,0.357142857,0,0.357142857,1,1,1,1,1,1,1,1,1
A3P46WP16JCU2V,52757,35,53,48,60,53,84,12,31,10,21,12,16,17,37,4,13,0.285714286,0.396226415,0.25,0.266666667,0.320754717,0.44047619,0.333333333,0,0.419354839,2,4,3,4,4,4,3,0,2
A1PKCBFB4QY19G,99400,36,81,64,80,75,117,15,28,18,42,36,36,28,59,11,15,0.5,0.518518519,0.5625,0.45,0.373333333,0.504273504,0.733333333,0,0.535714286,1,3,1,2,3,1,2,1,3
A17CM9QPETQYGH,16888,49,92,67,82,84,131,14,31,19,60,43,37,35,81,5,17,0.387755102,0.652173913,0.641791045,0.451219512,0.416666667,0.618320611,0.357142857,0,0.548387097,2,2,2,2,2,2,2,2,2
A2WNVSJ1Y06SS1,50970,30,44,34,45,44,67,10,27,8,16,16,14,14,31,4,15,0.266666667,0.363636364,0.470588235,0.311111111,0.318181818,0.462686567,0.4,0,0.555555556,4,5,5,3,4,5,2,4,4
A002160837SWJFPIAI7L,87492,21,39,30,45,38,56,11,27,10,18,14,18,21,30,6,16,0.476190476,0.461538462,0.466666667,0.4,0.552631579,0.535714286,0.545454545,0,0.592592593,4,5,5,5,3,5,2,2,4
A1OK974KXKO6FJ,36966,35,58,38,57,55,88,13,29,10,27,12,18,17,40,6,14,0.285714286,0.465517241,0.315789474,0.315789474,0.309090909,0.454545455,0.461538462,0,0.482758621,2,2,1,3,2,3,2,2,4
A1PE5GCMNEFIT4,64440,22,30,23,34,32,45,10,21,9,13,8,13,14,21,5,12,0.409090909,0.433333333,0.347826087,0.382352941,0.4375,0.466666667,0.5,0,0.571428571,2,2,2,2,2,2,2,2,2
AI2PQDHMQXG2S,90764,42,87,62,76,64,121,16,26,21,68,36,53,33,82,8,18,0.5,0.781609195,0.580645161,0.697368421,0.515625,0.67768595,0.5,0,0.692307692,4,5,2,4,4,5,3,4,5
A29AX5O8KL48F8,11719,18,28,24,29,27,39,8,18,6,11,11,9,11,21,5,10,0.333333333,0.392857143,0.458333333,0.310344828,0.407407407,0.538461538,0.625,0,0.555555556,3,3,4,2,3,4,1,3,4
A1QZ7RWVIXCBH9,28230,27,45,43,46,33,71,11,21,7,21,13,11,8,22,4,5,0.259259259,0.466666667,0.302325581,0.239130435,0.242424242,0.309859155,0.363636364,0,0.238095238,3,4,3,4,4,4,2,3,4
A17SE6TSFTEUHM,73757,24,48,39,51,50,65,11,27,6,24,11,17,16,31,5,13,0.25,0.5,0.282051282,0.333333333,0.32,0.476923077,0.454545455,0,0.481481481,5,5,5,3,4,5,3,3,3
ASUYD8BPYM85M,22948,19,30,25,36,26,52,10,15,5,16,8,14,10,18,4,6,0.263157895,0.533333333,0.32,0.388888889,0.384615385,0.346153846,0.4,0,0.4,4,4,4,4,4,5,3,5,5
A3FH8OSFWOLI7A,45895,24,48,36,52,43,64,16,24,12,21,15,17,15,29,7,14,0.5,0.4375,0.416666667,0.326923077,0.348837209,0.453125,0.4375,0,0.583333333,2,3,3,1,2,3,1,3,3
AUJU22WBACIBR,45257,26,39,36,55,43,79,12,22,10,14,11,15,21,39,5,10,0.384615385,0.358974359,0.305555556,0.272727273,0.488372093,0.493670886,0.416666667,0,0.454545455,0,5,5,0,0,5,0,5,5
A2VPMK37V0JJ5,49331,26,54,37,43,35,68,8,10,5,27,3,11,7,15,3,4,0.192307692,0.5,0.081081081,0.255813953,0.2,0.220588235,0.375,0,0.4,5,4,5,4,4,5,5,4,5
A17N3LOP5HGSQ8,12323,35,86,66,82,71,117,18,29,10,41,17,19,19,51,5,13,0.285714286,0.476744186,0.257575758,0.231707317,0.267605634,0.435897436,0.277777778,0,0.448275862,3,4,3,4,4,5,2,4,3
A36YZCJV91T1EX,98499,34,54,50,63,58,81,13,27,21,40,37,46,38,63,11,20,0.617647059,0.740740741,0.74,0.73015873,0.655172414,0.777777778,0.846153846,0,0.740740741,3,3,4,3,4,4,4,4,4
A2BTDUJFLSBN8E,13096,8,21,13,31,14,40,6,13,6,11,5,13,6,22,2,5,0.75,0.523809524,0.384615385,0.419354839,0.428571429,0.55,0.333333333,0,0.384615385,2,2,2,2,2,3,2,3,3
A1MM8TSLCHVMNK,71705,30,66,57,72,50,96,13,22,4,39,14,12,12,28,6,6,0.133333333,0.590909091,0.245614035,0.166666667,0.24,0.291666667,0.461538462,0,0.272727273,3,3,4,4,3,4,4,4,3
A16H2A65RPIJE1,99812,15,30,22,37,33,49,8,13,3,12,6,11,9,16,2,4,0.2,0.4,0.272727273,0.297297297,0.272727273,0.326530612,0.25,0,0.307692308,2,4,4,4,2,2,4,4,4
A2LBOVE1R9TCNL,86304,12,19,17,28,28,43,7,19,11,18,13,22,25,40,6,15,0.916666667,0.947368421,0.764705882,0.785714286,0.892857143,0.930232558,0.857142857,0,0.789473684,5,1,1,1,1,5,5,1,5
A2CTA782EBXUCT,57599,17,40,32,47,34,65,10,18,4,20,8,13,12,24,4,10,0.235294118,0.5,0.25,0.276595745,0.352941176,0.369230769,0.4,0,0.555555556,2,3,2,4,4,2,2,2,4
A1KZ6I92SWIN75,17730,19,40,31,41,47,58,9,21,6,16,14,11,12,28,4,10,0.315789474,0.4,0.451612903,0.268292683,0.255319149,0.482758621,0.444444444,0,0.476190476,2,1,2,2,2,2,1,2,2
A247EMWK0LVQGK,47702,35,74,56,82,77,111,18,36,20,53,31,52,48,84,11,26,0.571428571,0.716216216,0.553571429,0.634146341,0.623376623,0.756756757,0.611111111,0,0.722222222,3,4,4,3,3,4,3,2,2
A1MICIRPQ6X8B5,52304,22,40,30,44,39,55,10,24,15,33,25,35,30,49,8,19,0.681818182,0.825,0.833333333,0.795454545,0.769230769,0.890909091,0.8,0,0.791666667,4,4,4,3,4,4,3,4,3
A2SF0TUK6XTPCO,93539,26,50,42,53,47,68,11,27,10,22,14,15,13,25,4,13,0.384615385,0.44,0.333333333,0.283018868,0.276595745,0.367647059,0.363636364,0,0.481481481,3,3,4,5,5,2,2,3,4
AEMKB98WAW7YA,25088,27,46,40,46,46,63,11,24,8,22,16,18,16,40,5,12,0.296296296,0.47826087,0.4,0.391304348,0.347826087,0.634920635,0.454545455,0,0.5,2,5,4,4,4,2,1,3,4
A277U5B7IPWZSY,24815,33,77,64,77,60,102,16,36,10,39,20,23,19,41,6,16,0.303030303,0.506493506,0.3125,0.298701299,0.316666667,0.401960784,0.375,0,0.444444444,3,3,4,4,4,4,4,4,4
A1QAXGXLG5SYUR,14600,34,69,51,67,56,88,12,32,11,25,17,17,16,29,5,14,0.323529412,0.362318841,0.333333333,0.253731343,0.285714286,0.329545455,0.416666667,0,0.4375,4,4,5,4,2,1,1,1,2
AB8FEGGUOZXXA,71392,27,51,47,54,47,74,9,26,11,28,24,17,15,37,5,13,0.407407407,0.549019608,0.510638298,0.314814815,0.319148936,0.5,0.555555556,0,0.5,3,3,4,3,4,4,4,4,4
A3A4ZWV53ALGGD,34758,28,69,54,63,62,90,12,26,15,32,31,21,20,52,7,13,0.535714286,0.463768116,0.574074074,0.333333333,0.322580645,0.577777778,0.583333333,0,0.5,5,5,5,5,5,5,5,5,5
AXKM02NVXNGOM,27932,26,46,38,49,34,59,13,20,8,24,13,23,14,25,3,9,0.307692308,0.52173913,0.342105263,0.469387755,0.411764706,0.423728814,0.230769231,0,0.45,2,4,2,2,4,2,2,2,2
ANJML6J7NL7CX,37041,20,38,29,39,31,46,9,17,6,21,4,12,10,17,3,8,0.3,0.552631579,0.137931034,0.307692308,0.322580645,0.369565217,0.333333333,0,0.470588235,4,3,5,3,3,3,2,3,3
A2PGJXWUMD0M2l,13257,33,60,53,63,54,80,10,28,11,29,16,18,16,35,5,12,0.333333333,0.483333333,0.301886792,0.285714286,0.296296296,0.4375,0.5,0,0.428571429,3,3,3,3,3,2,2,3,3
A7MW43YUFAPE9,71825,40,117,92,103,90,147,17,36,19,84,44,54,40,79,9,21,0.475,0.717948718,0.47826087,0.524271845,0.444444444,0.537414966,0.529411765,0,0.583333333,1,4,1,1,1,1,1,1,1
A1USN4KHILLJFN,16707,20,31,33,42,37,48,10,18,9,15,12,11,8,27,4,7,0.45,0.483870968,0.363636364,0.261904762,0.216216216,0.5625,0.4,0,0.388888889,3,3,3,5,3,3,3,3,3
ADIXVUPICNIY4,32689,26,61,48,65,62,96,11,26,8,27,19,17,18,39,6,14,0.307692308,0.442622951,0.395833333,0.261538462,0.290322581,0.40625,0.545454545,0,0.538461538,3,4,4,3,2,3,1,4,4
A13XORUKQX5F4P,89375,33,51,54,56,38,99,7,24,23,39,39,26,20,69,4,14,0.696969697,0.764705882,0.722222222,0.464285714,0.526315789,0.696969697,0.571428571,0,0.583333333,2,2,2,2,2,2,2,2,2
A3ROI7SRC1SG2K,42764,29,46,41,55,50,75,13,27,15,26,23,33,44,47,8,19,0.517241379,0.565217391,0.56097561,0.6,0.88,0.626666667,0.615384615,0,0.703703704,2,2,3,4,4,3,2,1,4
A1RHBUX8TCACCX,85316,17,35,27,46,46,55,11,28,6,15,9,14,22,25,6,16,0.352941176,0.428571429,0.333333333,0.304347826,0.47826087,0.454545455,0.545454545,0,0.571428571,3,4,4,3,4,4,2,2,3
A2ALBHYA6M67ZT,41468,33,62,50,70,62,98,14,26,9,27,8,18,20,34,6,14,0.272727273,0.435483871,0.16,0.257142857,0.322580645,0.346938776,0.428571429,0,0.538461538,5,5,5,5,5,5,5,5,5
A35QYDS8MRV1EX,18957,10,21,15,27,15,39,7,13,4,12,2,9,6,20,2,5,0.4,0.571428571,0.133333333,0.333333333,0.4,0.512820513,0.285714286,0,0.384615385,4,4,4,4,4,4,2,4,4
A3LR5YED234XPN,36881,10,19,13,18,18,28,6,12,6,9,8,12,11,24,4,8,0.6,0.473684211,0.615384615,0.666666667,0.611111111,0.857142857,0.666666667,0,0.666666667,3,3,3,3,3,3,3,3,3
AHZ7C7ETHYX3N,93058,11,25,18,32,16,35,6,9,6,20,14,26,13,30,5,7,0.545454545,0.8,0.777777778,0.8125,0.8125,0.857142857,0.833333333,0,0.777777778,2,2,2,2,2,2,2,2,2
A6N190372TE5T,28273,30,67,58,69,55,94,11,26,13,35,28,24,13,44,5,12,0.433333333,0.52238806,0.482758621,0.347826087,0.236363636,0.468085106,0.454545455,0,0.461538462,4,4,4,3,4,3,3,3,4
AB0ERVDNMMLYS,91257,20,40,31,44,42,61,7,19,9,15,12,11,16,40,5,10,0.45,0.375,0.387096774,0.25,0.380952381,0.655737705,0.714285714,0,0.526315789,4,4,4,3,3,3,1,3,4
A11O504U2EJUGU,49441,20,28,19,49,34,58,9,14,9,9,8,17,15,23,4,9,0.45,0.321428571,0.421052632,0.346938776,0.441176471,0.396551724,0.444444444,0,0.642857143,2,4,4,4,2,2,2,2,4
a3tqoe015me7tn,50375,18,32,24,41,32,47,13,15,4,13,3,12,12,23,3,5,0.222222222,0.40625,0.125,0.292682927,0.375,0.489361702,0.230769231,0,0.333333333,3,4,4,3,5,5,2,3,3
A1L2N1X8U8Z3W7,50502,23,37,29,36,32,61,13,18,8,16,9,10,9,18,3,5,0.347826087,0.432432432,0.310344828,0.277777778,0.28125,0.295081967,0.230769231,0,0.277777778,2,4,5,4,4,2,2,4,4
AFUPQ61YDVIBQ,60029,19,55,27,46,46,63,14,16,6,15,3,9,10,12,3,5,0.315789474,0.272727273,0.111111111,0.195652174,0.217391304,0.19047619,0.214285714,0,0.3125,4,5,5,4,5,4,5,5,5
A1A7KLOCEERE60,63822,17,52,33,48,41,66,12,20,8,26,14,15,15,29,5,11,0.470588235,0.5,0.424242424,0.3125,0.365853659,0.439393939,0.416666667,0,0.55,4,4,2,4,4,4,4,4,4
A2QH1BQA6GR48O,12509,18,32,23,40,20,46,9,18,5,17,7,13,9,23,4,9,0.277777778,0.53125,0.304347826,0.325,0.45,0.5,0.444444444,0,0.5,3,4,4,4,3,3,3,3,4
A3CJE20YDRGCB4,48528,18,32,28,36,28,47,8,18,3,6,7,12,8,14,4,8,0.166666667,0.1875,0.25,0.333333333,0.285714286,0.29787234,0.5,0,0.444444444,2,2,3,2,2,2,2,2,2
A2SHW0VA0MJ8N0,29362,11,21,19,24,17,31,7,12,7,8,10,10,7,25,4,6,0.636363636,0.380952381,0.526315789,0.416666667,0.411764706,0.806451613,0.571428571,0,0.5,3,4,4,3,3,4,3,2,3
AIYJ5S5A9OR2I,93529,54,96,74,93,80,138,15,32,13,35,16,20,22,49,6,15,0.240740741,0.364583333,0.216216216,0.215053763,0.275,0.355072464,0.4,0,0.46875,3,4,4,3,4,3,3,3,3
A1KX1CMLUCQNFX,27953,29,55,43,63,54,80,13,32,23,51,39,54,44,75,12,28,0.793103448,0.927272727,0.906976744,0.857142857,0.814814815,0.9375,0.923076923,0,0.875,5,5,5,5,5,5,5,5,5
A1DENY90PJEZB7,54123,23,30,23,42,41,54,9,21,13,22,15,34,30,50,8,17,0.565217391,0.733333333,0.652173913,0.80952381,0.731707317,0.925925926,0.888888889,0,0.80952381,3,3,4,5,3,3,3,3,3
A2U8EBN3IPMJ19,78275,34,54,40,54,47,72,13,29,11,21,14,16,20,29,3,12,0.323529412,0.388888889,0.35,0.296296296,0.425531915,0.402777778,0.230769231,0,0.413793103,3,3,3,3,4,4,3,3,4
A1LQLIHRB3SCXN,51938,22,28,28,31,28,45,7,15,9,15,10,14,15,24,3,10,0.409090909,0.535714286,0.357142857,0.451612903,0.535714286,0.533333333,0.428571429,0,0.666666667,1,2,1,2,2,3,2,1,3
A1UWI7N32Y2PJ8,36851,34,50,58,50,44,89,14,20,9,26,21,12,9,31,3,6,0.264705882,0.52,0.362068966,0.24,0.204545455,0.348314607,0.214285714,0,0.3,2,3,2,2,4,4,2,2,3
AJQCFLT9M4RKF,14201,11,21,16,30,21,40,9,14,7,8,6,9,11,20,2,7,0.636363636,0.380952381,0.375,0.3,0.523809524,0.5,0.222222222,0,0.5,4,5,3,3,4,4,4,4,4
A1YHIQHLLLQIIQ,19010,21,38,28,42,33,49,8,21,11,14,13,11,10,29,4,10,0.523809524,0.368421053,0.464285714,0.261904762,0.303030303,0.591836735,0.5,0,0.476190476,3,3,4,4,2,4,2,3,4
A33UQADFRXM0N,85600,29,81,57,89,68,149,10,26,7,38,21,23,22,49,4,11,0.24137931,0.469135802,0.368421053,0.258426966,0.323529412,0.32885906,0.4,0,0.423076923,3,5,4,4,3,3,3,3,4
A1CB2A9NEL2D7E,40205,24,44,35,45,40,59,11,21,9,19,12,17,11,36,6,8,0.375,0.431818182,0.342857143,0.377777778,0.275,0.610169492,0.545454545,0,0.380952381,4,4,4,4,4,4,3,4,4
A1HM2VBI4T638R,46894,20,28,22,35,27,44,9,15,14,24,19,31,20,41,8,10,0.7,0.857142857,0.863636364,0.885714286,0.740740741,0.931818182,0.888888889,0,0.666666667,4,5,4,4,4,3,1,3,5
A1V8TY7FNEJI60,63985,43,91,57,76,72,106,15,36,15,55,26,28,27,57,8,17,0.348837209,0.604395604,0.456140351,0.368421053,0.375,0.537735849,0.533333333,0,0.472222222,3,3,3,3,3,3,3,3,3
A8562J49TRH3C,44456,22,52,36,48,39,71,9,22,8,27,10,16,19,27,4,11,0.363636364,0.519230769,0.277777778,0.333333333,0.487179487,0.38028169,0.444444444,0,0.5,2,2,3,3,4,2,2,1,2
AC6P8A8PDBJPD,15619,13,21,16,21,18,27,6,9,5,8,6,7,6,12,3,4,0.384615385,0.380952381,0.375,0.333333333,0.333333333,0.444444444,0.5,0,0.444444444,4,4,3,5,3,2,2,4,4
A3N30TU7ZTLNB9,85032,11,24,16,25,15,33,7,9,5,7,3,5,5,9,2,3,0.454545455,0.291666667,0.1875,0.2,0.333333333,0.272727273,0.285714286,0,0.333333333,3,2,3,3,3,4,2,3,4
A2Y05OCB1H60K3,16005,29,55,54,58,51,75,12,30,18,40,37,43,35,60,8,22,0.620689655,0.727272727,0.685185185,0.74137931,0.68627451,0.8,0.666666667,0,0.733333333,3,3,4,4,4,4,2,3,4
A1FP8W05KYYQ04,13835,29,47,39,56,43,79,13,27,12,22,15,22,25,39,6,13,0.413793103,0.468085106,0.384615385,0.392857143,0.581395349,0.493670886,0.461538462,0,0.481481481,2,2,1,3,3,4,1,3,3
AIVSV91CBYI12,10389,29,52,42,55,54,79,16,31,9,19,13,19,18,37,8,17,0.310344828,0.365384615,0.30952381,0.345454545,0.333333333,0.46835443,0.5,0,0.548387097,2,2,2,4,3,3,2,3,3
A37Q40126A4RNA,47726,34,68,52,62,65,88,11,33,8,32,8,27,28,43,6,16,0.235294118,0.470588235,0.153846154,0.435483871,0.430769231,0.488636364,0.545454545,0,0.484848485,1,1,3,3,4,4,3,3,3
A2ASTDMWBCFIP0,86824,25,60,43,55,50,82,12,21,6,24,13,15,14,34,3,11,0.24,0.4,0.302325581,0.272727273,0.28,0.414634146,0.25,0,0.523809524,3,3,4,3,4,3,2,2,3
AQAXDL1INQC9Q,73421,13,24,18,28,20,37,8,13,3,7,4,7,6,16,5,7,0.230769231,0.291666667,0.222222222,0.25,0.3,0.432432432,0.625,0,0.538461538,3,4,4,3,3,3,2,3,4
A2585MULTOM1Z5,35245,32,66,53,66,56,96,17,28,11,33,18,27,20,45,7,13,0.34375,0.5,0.339622642,0.409090909,0.357142857,0.46875,0.411764706,0,0.464285714,4,4,5,3,4,2,3,4,4
A1HOSLU4DG2MDS,55661,26,54,40,54,38,65,14,24,7,26,12,14,9,19,4,5,0.269230769,0.481481481,0.3,0.259259259,0.236842105,0.292307692,0.285714286,0,0.208333333,2,2,2,4,2,2,3,3,4
A1160COTUR26JZ,20375,25,79,58,69,57,99,11,24,8,46,29,31,28,57,6,16,0.32,0.582278481,0.5,0.449275362,0.49122807,0.575757576,0.545454545,0,0.666666667,5,5,5,5,5,5,5,5,5
A302M81U0HM7RJ,10680,29,52,46,57,50,104,9,25,10,28,14,18,18,42,3,13,0.344827586,0.538461538,0.304347826,0.315789474,0.36,0.403846154,0.333333333,0,0.52,3,4,4,3,5,5,4,3,5
A1KF05U5IO9AFG,76987,17,26,22,31,26,46,7,14,3,7,4,10,6,21,3,7,0.176470588,0.269230769,0.181818182,0.322580645,0.230769231,0.456521739,0.428571429,0,0.5,2,4,2,4,1,1,1,4,4
AOX8BJNGGNDZH,38587,28,56,36,57,50,83,8,26,11,23,18,20,19,48,5,16,0.392857143,0.410714286,0.5,0.350877193,0.38,0.578313253,0.625,0,0.615384615,4,4,4,4,4,4,4,4,4
A276N5FFOSK2FX,39153,26,42,41,53,41,63,14,22,8,15,13,14,16,24,6,10,0.307692308,0.357142857,0.317073171,0.264150943,0.390243902,0.380952381,0.428571429,0,0.454545455,3,2,2,2,2,2,2,2,2
A17F6MB9SZYV57,41877,35,46,39,54,45,90,13,28,13,18,15,20,21,45,6,15,0.371428571,0.391304348,0.384615385,0.37037037,0.466666667,0.5,0.461538462,0,0.535714286,3,5,4,5,4,3,2,4,4
A184EIWAV7P9EH,40634,21,45,30,50,30,73,13,16,8,9,8,17,11,33,6,8,0.380952381,0.2,0.266666667,0.34,0.366666667,0.452054795,0.461538462,0,0.5,3,4,5,3,5,5,3,5,5
A2UOBJK4K2SB4U,37690,25,42,31,45,40,64,13,24,17,33,23,36,32,52,9,21,0.68,0.785714286,0.741935484,0.8,0.8,0.8125,0.692307692,0,0.875,5,5,5,5,5,5,5,5,5
A6JOC24PSUEEC,88060,19,28,19,33,24,45,6,11,5,5,2,9,6,13,2,3,0.263157895,0.178571429,0.105263158,0.272727273,0.25,0.288888889,0.333333333,0,0.272727273,4,5,2,4,2,4,2,2,4
A2BRZKFG6WAVER,72263,41,68,59,70,69,98,12,30,17,32,28,16,21,48,6,15,0.414634146,0.470588235,0.474576271,0.228571429,0.304347826,0.489795918,0.5,0,0.5,4,4,4,4,4,4,4,4,4
ALZVG5501Y5IX,16483,44,63,58,68,62,107,13,31,26,42,34,48,41,83,8,21,0.590909091,0.666666667,0.586206897,0.705882353,0.661290323,0.775700935,0.615384615,0,0.677419355,4,3,2,4,3,3,2,3,2
A22IIMLQ7K4B3M,57244,34,61,44,68,54,88,15,26,10,31,17,27,24,39,3,13,0.294117647,0.508196721,0.386363636,0.397058824,0.444444444,0.443181818,0.2,0,0.5,1,1,1,1,1,1,1,1,1
AXAY0M3ATGPAR,51170,21,29,25,38,30,41,11,18,5,10,5,9,9,12,3,6,0.238095238,0.344827586,0.2,0.236842105,0.3,0.292682927,0.272727273,0,0.333333333,4,4,1,4,4,4,4,4,5
AVSLRTQLC2XK4,90090,34,52,42,56,52,74,12,25,11,22,11,14,12,28,5,10,0.323529412,0.423076923,0.261904762,0.25,0.230769231,0.378378378,0.416666667,0,0.4,4,5,5,3,4,5,5,3,4
A2I3FCE7LMITQS,79109,15,27,20,32,25,39,11,16,11,22,17,28,19,24,7,12,0.733333333,0.814814815,0.85,0.875,0.76,0.615384615,0.636363636,0,0.75,4,2,3,4,4,4,2,2,3
A3S2R1NK6HZ9KP,68864,22,34,30,47,33,57,10,17,6,17,9,14,10,32,3,7,0.272727273,0.5,0.3,0.29787234,0.303030303,0.561403509,0.3,0,0.411764706,3,5,5,3,4,5,2,4,5
A28H539AZAIDDV,84487,37,84,59,76,64,109,15,38,15,40,24,30,21,53,7,15,0.405405405,0.476190476,0.406779661,0.394736842,0.328125,0.486238532,0.466666667,0,0.394736842,4,5,4,5,3,5,2,3,4
A2SFD01V5SDFTA,55057,28,54,44,51,32,73,11,18,7,17,11,10,13,30,4,6,0.25,0.314814815,0.25,0.196078431,0.40625,0.410958904,0.363636364,0,0.333333333,4,4,3,4,4,4,3,3,4
A3A98RH6TI83T8,47724,20,27,28,38,30,52,10,17,11,16,15,14,15,33,7,9,0.55,0.592592593,0.535714286,0.368421053,0.5,0.634615385,0.7,0,0.529411765,3,4,3,3,5,4,4,3,3
ALH1K6ZAQQMN7,71012,24,31,25,39,36,50,8,21,13,25,17,32,28,42,7,18,0.541666667,0.806451613,0.68,0.820512821,0.777777778,0.84,0.875,0,0.857142857,3,4,5,3,4,4,1,3,4
A1N8TKTLXV92QR,79002,11,23,16,33,20,42,7,16,8,17,11,25,16,31,6,14,0.727272727,0.739130435,0.6875,0.757575758,0.8,0.738095238,0.857142857,0,0.875,4,4,3,5,4,4,3,4,4
A28C4YC9WPNYG2,17957,32,44,37,53,48,64,10,29,21,31,30,43,36,56,8,21,0.65625,0.704545455,0.810810811,0.811320755,0.75,0.875,0.8,0,0.724137931,5,4,4,4,3,2,2,4,5
A3KW8RIWBQ1O7F,43479,15,26,13,32,29,52,8,12,7,14,5,12,19,35,5,9,0.466666667,0.538461538,0.384615385,0.375,0.655172414,0.673076923,0.625,0,0.75,4,4,2,4,4,4,1,1,4
A2CYF2YSAXGB3G,59133,25,37,28,40,38,57,12,23,7,13,9,14,13,27,4,10,0.28,0.351351351,0.321428571,0.35,0.342105263,0.473684211,0.333333333,0,0.434782609,1,1,5,5,5,5,5,5,5
AJXGDCVHN4V6D,24375,15,42,35,40,25,55,8,10,7,24,17,14,9,27,5,7,0.466666667,0.571428571,0.485714286,0.35,0.36,0.490909091,0.625,0,0.7,4,4,4,4,4,3,4,4,5
A23LLMPC8OX3DD,41352,28,38,28,39,43,56,11,25,18,30,19,34,35,51,10,19,0.642857143,0.789473684,0.678571429,0.871794872,0.813953488,0.910714286,0.909090909,0,0.76,3,5,3,3,3,3,3,3,3
A27LCUA35LPVM8,13673,31,61,42,62,49,84,11,29,8,18,8,18,13,24,2,12,0.258064516,0.295081967,0.19047619,0.290322581,0.265306122,0.285714286,0.181818182,0,0.413793103,4,3,3,3,3,4,2,3,3